instance,split_1,split_2,split_3,split_4,split_5
0/WELL-00001_20170201010207.parquet,0,0,1,0,0
0/WELL-00001_20170201060114.parquet,0,0,1,0,0
0/WELL-00001_20170201110124.parquet,0,0,1,0,0
0/WELL-00001_20170201160311.parquet,0,0,1,0,0
0/WELL-00001_20170201210228.parquet,0,0,1,0,0
0/WELL-00001_20170202020343.parquet,0,0,0,0,1
0/WELL-00001_20170202070239.parquet,0,0,0,0,1
0/WELL-00001_20170218000146.parquet,0,1,0,0,0
0/WELL-00001_20170218050218.parquet,0,1,0,0,0
0/WELL-00001_20170218100218.parquet,0,1,0,0,0
0/WELL-00001_20170218150135.parquet,0,1,0,0,0
0/WELL-00001_20170219010042.parquet,0,1,0,0,0
0/WELL-00001_20170219060031.parquet,0,1,0,0,0
0/WELL-00001_20170219110021.parquet,0,1,0,0,0
0/WELL-00001_20170219160053.parquet,0,1,0,0,0
0/WELL-00001_20170219210332.parquet,0,1,0,0,0
0/WELL-00001_20170421090251.parquet,0,1,0,0,0
0/WELL-00001_20170422030000.parquet,0,0,0,1,0
0/WELL-00001_20170424170042.parquet,0,0,1,0,0
0/WELL-00001_20170424220156.parquet,0,0,1,0,0
0/WELL-00001_20170425030207.parquet,0,0,1,0,0
0/WELL-00001_20170425080343.parquet,0,0,1,0,0
0/WELL-00001_20170425130042.parquet,0,0,1,0,0
0/WELL-00001_20170520180000.parquet,0,1,0,0,0
0/WELL-00001_20170520230000.parquet,0,1,0,0,0
0/WELL-00001_20170521040000.parquet,1,0,0,0,0
0/WELL-00001_20170521090000.parquet,1,0,0,0,0
0/WELL-00001_20170521140000.parquet,1,0,0,0,0
0/WELL-00001_20170521190000.parquet,1,0,0,0,0
0/WELL-00001_20170522000000.parquet,1,0,0,0,0
0/WELL-00001_20170522050000.parquet,1,0,0,0,0
0/WELL-00001_20170522100000.parquet,1,0,0,0,0
0/WELL-00001_20170522150000.parquet,1,0,0,0,0
0/WELL-00001_20170522200000.parquet,1,0,0,0,0
0/WELL-00001_20170523010012.parquet,0,0,1,0,0
0/WELL-00001_20170523060000.parquet,0,0,1,0,0
0/WELL-00001_20170523110000.parquet,0,0,1,0,0
0/WELL-00001_20170523160000.parquet,0,0,1,0,0
0/WELL-00001_20170523210000.parquet,0,0,1,0,0
0/WELL-00001_20170524020000.parquet,0,0,0,1,0
0/WELL-00001_20170524070000.parquet,0,0,0,1,0
0/WELL-00001_20170524120000.parquet,0,0,0,1,0
0/WELL-00001_20170524170000.parquet,0,0,0,1,0
0/WELL-00001_20170524220000.parquet,0,0,0,1,0
0/WELL-00001_20170525030000.parquet,0,0,0,1,0
0/WELL-00001_20170525080000.parquet,0,0,0,1,0
0/WELL-00001_20170525130000.parquet,0,0,0,1,0
0/WELL-00001_20170525180000.parquet,0,0,0,1,0
0/WELL-00001_20170525230000.parquet,0,0,0,1,0
0/WELL-00001_20170526040000.parquet,0,0,0,0,1
0/WELL-00001_20170526090000.parquet,0,0,0,0,1
0/WELL-00001_20170526140000.parquet,0,0,0,0,1
0/WELL-00001_20170526190000.parquet,0,0,0,0,1
0/WELL-00001_20170527000000.parquet,0,0,0,1,0
0/WELL-00001_20170527050000.parquet,0,0,0,1,0
0/WELL-00001_20170527100000.parquet,0,0,0,1,0
0/WELL-00001_20170527150000.parquet,0,0,0,1,0
0/WELL-00001_20170527200000.parquet,0,0,0,1,0
0/WELL-00001_20170528010000.parquet,0,0,1,0,0
0/WELL-00001_20170528060000.parquet,0,0,1,0,0
0/WELL-00001_20170528110000.parquet,0,0,1,0,0
0/WELL-00001_20170528160000.parquet,0,0,1,0,0
0/WELL-00001_20170528210000.parquet,0,0,1,0,0
0/WELL-00001_20170626090246.parquet,0,0,0,0,1
0/WELL-00001_20170626140123.parquet,0,0,0,0,1
0/WELL-00001_20170626190135.parquet,0,0,0,0,1
0/WELL-00001_20170627000333.parquet,1,0,0,0,0
0/WELL-00001_20170823040000.parquet,0,0,1,0,0
0/WELL-00001_20170823092146.parquet,0,0,1,0,0
0/WELL-00001_20170823140000.parquet,0,0,1,0,0
0/WELL-00001_20170823190000.parquet,0,0,1,0,0
0/WELL-00001_20170824000000.parquet,1,0,0,0,0
0/WELL-00001_20170824050000.parquet,1,0,0,0,0
0/WELL-00001_20170824100000.parquet,1,0,0,0,0
0/WELL-00001_20170824150000.parquet,1,0,0,0,0
0/WELL-00001_20170824200000.parquet,1,0,0,0,0
0/WELL-00001_20170825010000.parquet,0,0,1,0,0
0/WELL-00001_20170825060000.parquet,0,0,1,0,0
0/WELL-00001_20170825110000.parquet,0,0,1,0,0
0/WELL-00001_20170825160000.parquet,0,0,1,0,0
0/WELL-00001_20170825210000.parquet,0,0,1,0,0
0/WELL-00001_20170826020000.parquet,0,0,0,1,0
0/WELL-00001_20170826070000.parquet,0,0,0,1,0
0/WELL-00001_20170826120000.parquet,0,0,0,1,0
0/WELL-00001_20170826170000.parquet,0,0,0,1,0
0/WELL-00001_20170826220000.parquet,0,0,0,1,0
0/WELL-00001_20170827030000.parquet,0,0,1,0,0
0/WELL-00001_20170827080000.parquet,0,0,1,0,0
0/WELL-00001_20170827130000.parquet,0,0,1,0,0
0/WELL-00001_20170827180000.parquet,0,0,1,0,0
0/WELL-00001_20170827230000.parquet,0,0,1,0,0
0/WELL-00001_20170828040000.parquet,0,0,0,1,0
0/WELL-00001_20170828090000.parquet,0,0,0,1,0
0/WELL-00002_20131211220015.parquet,0,0,0,0,1
0/WELL-00002_20131212000148.parquet,0,0,0,1,0
0/WELL-00002_20131212020000.parquet,0,0,0,1,0
0/WELL-00002_20131212040000.parquet,0,0,0,1,0
0/WELL-00002_20131212060005.parquet,0,0,0,1,0
0/WELL-00002_20131214150127.parquet,1,0,0,0,0
0/WELL-00002_20131214170036.parquet,1,0,0,0,0
0/WELL-00002_20131214190030.parquet,1,0,0,0,0
0/WELL-00002_20170209110022.parquet,0,1,0,0,0
0/WELL-00002_20170209160152.parquet,0,1,0,0,0
0/WELL-00002_20170209210033.parquet,0,1,0,0,0
0/WELL-00002_20170210020033.parquet,1,0,0,0,0
0/WELL-00002_20170210070407.parquet,1,0,0,0,0
0/WELL-00002_20170210120152.parquet,1,0,0,0,0
0/WELL-00002_20170210170033.parquet,1,0,0,0,0
0/WELL-00002_20170210220203.parquet,1,0,0,0,0
0/WELL-00002_20170211030225.parquet,0,0,0,1,0
0/WELL-00002_20170211080129.parquet,0,0,0,1,0
0/WELL-00002_20170211130152.parquet,0,0,0,1,0
0/WELL-00002_20170211180129.parquet,0,0,0,1,0
0/WELL-00002_20170211230141.parquet,0,0,0,1,0
0/WELL-00002_20170212040225.parquet,0,0,1,0,0
0/WELL-00002_20170212090203.parquet,0,0,1,0,0
0/WELL-00002_20170212140407.parquet,0,0,1,0,0
0/WELL-00002_20170212190429.parquet,0,0,1,0,0
0/WELL-00002_20170213000322.parquet,0,0,0,0,1
0/WELL-00002_20170213050225.parquet,0,0,0,0,1
0/WELL-00002_20170213100344.parquet,0,0,0,0,1
0/WELL-00002_20170213150107.parquet,0,0,0,0,1
0/WELL-00002_20170213200214.parquet,0,0,0,0,1
0/WELL-00002_20170214010118.parquet,1,0,0,0,0
0/WELL-00002_20170214060141.parquet,1,0,0,0,0
0/WELL-00002_20170214110056.parquet,1,0,0,0,0
0/WELL-00002_20170214160044.parquet,1,0,0,0,0
0/WELL-00002_20170214210322.parquet,1,0,0,0,0
0/WELL-00002_20170215020259.parquet,0,0,1,0,0
0/WELL-00002_20170215070056.parquet,0,0,1,0,0
0/WELL-00002_20170215120214.parquet,0,0,1,0,0
0/WELL-00002_20170215170118.parquet,0,0,1,0,0
0/WELL-00002_20170215220129.parquet,0,0,1,0,0
0/WELL-00002_20170216030141.parquet,0,0,0,0,1
0/WELL-00002_20170216080118.parquet,0,0,0,0,1
0/WELL-00002_20170216130152.parquet,0,0,0,0,1
0/WELL-00002_20170216180214.parquet,0,0,0,0,1
0/WELL-00002_20170216230107.parquet,0,0,0,0,1
0/WELL-00002_20170217040451.parquet,0,0,0,1,0
0/WELL-00002_20170217090355.parquet,0,0,0,1,0
0/WELL-00002_20170217140248.parquet,0,0,0,1,0
0/WELL-00002_20170217190225.parquet,0,0,0,1,0
0/WELL-00002_20170218000237.parquet,0,0,1,0,0
0/WELL-00002_20170218050225.parquet,0,0,1,0,0
0/WELL-00002_20170218100022.parquet,0,0,1,0,0
0/WELL-00002_20170218150214.parquet,0,0,1,0,0
0/WELL-00002_20170219010033.parquet,0,0,0,0,1
0/WELL-00002_20170219060129.parquet,0,0,0,0,1
0/WELL-00002_20170219110152.parquet,0,0,0,0,1
0/WELL-00002_20170219160203.parquet,0,0,0,0,1
0/WELL-00002_20170219210214.parquet,0,0,0,0,1
0/WELL-00002_20170307190031.parquet,0,1,0,0,0
0/WELL-00002_20170308000103.parquet,0,0,0,0,1
0/WELL-00002_20170308050042.parquet,0,0,0,0,1
0/WELL-00002_20170308100124.parquet,0,0,0,0,1
0/WELL-00002_20170308150353.parquet,0,0,0,0,1
0/WELL-00002_20170308200218.parquet,0,0,0,0,1
0/WELL-00002_20170309010218.parquet,0,1,0,0,0
0/WELL-00002_20170309060218.parquet,0,1,0,0,0
0/WELL-00002_20170309110156.parquet,0,1,0,0,0
0/WELL-00002_20170309160218.parquet,0,1,0,0,0
0/WELL-00002_20170309210207.parquet,0,1,0,0,0
0/WELL-00002_20170310020146.parquet,0,1,0,0,0
0/WELL-00002_20170310070518.parquet,0,1,0,0,0
0/WELL-00002_20170310120321.parquet,0,1,0,0,0
0/WELL-00002_20170310170103.parquet,0,1,0,0,0
0/WELL-00002_20170310220042.parquet,0,1,0,0,0
0/WELL-00002_20170404020000.parquet,0,0,0,0,1
0/WELL-00002_20170404070045.parquet,0,0,0,0,1
0/WELL-00002_20170404120000.parquet,0,0,0,0,1
0/WELL-00002_20170404170000.parquet,0,0,0,0,1
0/WELL-00002_20170404220000.parquet,0,0,0,0,1
0/WELL-00002_20170405030000.parquet,0,1,0,0,0
0/WELL-00002_20170405080000.parquet,0,1,0,0,0
0/WELL-00002_20170405130000.parquet,0,1,0,0,0
0/WELL-00002_20170405180000.parquet,0,1,0,0,0
0/WELL-00002_20170405230000.parquet,0,1,0,0,0
0/WELL-00002_20170406040000.parquet,1,0,0,0,0
0/WELL-00002_20170406090000.parquet,1,0,0,0,0
0/WELL-00002_20170406140000.parquet,1,0,0,0,0
0/WELL-00002_20170406190000.parquet,1,0,0,0,0
0/WELL-00002_20170610230108.parquet,0,0,0,0,1
0/WELL-00002_20170611040011.parquet,1,0,0,0,0
0/WELL-00002_20170611090000.parquet,1,0,0,0,0
0/WELL-00002_20170611140000.parquet,1,0,0,0,0
0/WELL-00002_20170611190000.parquet,1,0,0,0,0
0/WELL-00002_20170612000000.parquet,0,0,0,0,1
0/WELL-00002_20170612050057.parquet,0,0,0,0,1
0/WELL-00002_20170612100022.parquet,0,0,0,0,1
0/WELL-00002_20170612150022.parquet,0,0,0,0,1
0/WELL-00002_20170612200000.parquet,0,0,0,0,1
0/WELL-00002_20170613010022.parquet,0,0,0,1,0
0/WELL-00002_20170613060011.parquet,0,0,0,1,0
0/WELL-00002_20170613110000.parquet,0,0,0,1,0
0/WELL-00002_20170613160000.parquet,0,0,0,1,0
0/WELL-00002_20170613210000.parquet,0,0,0,1,0
0/WELL-00002_20170614020000.parquet,0,0,1,0,0
0/WELL-00002_20170614070057.parquet,0,0,1,0,0
0/WELL-00002_20170614120000.parquet,0,0,1,0,0
0/WELL-00002_20170614170000.parquet,0,0,1,0,0
0/WELL-00002_20170614220200.parquet,0,0,1,0,0
0/WELL-00002_20170615030032.parquet,0,1,0,0,0
0/WELL-00002_20170615080400.parquet,0,1,0,0,0
0/WELL-00002_20170615130021.parquet,0,1,0,0,0
0/WELL-00002_20170615180127.parquet,0,1,0,0,0
0/WELL-00002_20170615230149.parquet,0,1,0,0,0
0/WELL-00002_20170616040043.parquet,0,0,0,1,0
0/WELL-00002_20170616090516.parquet,0,0,0,1,0
0/WELL-00002_20170616140211.parquet,0,0,0,1,0
0/WELL-00002_20170616190349.parquet,0,0,0,1,0
0/WELL-00002_20170617000127.parquet,0,1,0,0,0
0/WELL-00002_20170617050043.parquet,0,1,0,0,0
0/WELL-00002_20170617100221.parquet,0,1,0,0,0
0/WELL-00002_20170617150149.parquet,0,1,0,0,0
0/WELL-00002_20170617210127.parquet,0,1,0,0,0
0/WELL-00002_20170618010105.parquet,0,0,0,1,0
0/WELL-00002_20170618060105.parquet,0,0,0,1,0
0/WELL-00002_20170618110600.parquet,0,0,0,1,0
0/WELL-00002_20170618160211.parquet,0,0,0,1,0
0/WELL-00002_20170618210043.parquet,0,0,0,1,0
0/WELL-00002_20170619020032.parquet,0,0,1,0,0
0/WELL-00002_20170619070054.parquet,0,0,1,0,0
0/WELL-00002_20170619120021.parquet,0,0,1,0,0
0/WELL-00002_20170619170149.parquet,0,0,1,0,0
0/WELL-00002_20170619220043.parquet,0,0,1,0,0
0/WELL-00002_20170620030505.parquet,0,1,0,0,0
0/WELL-00002_20170620080254.parquet,0,1,0,0,0
0/WELL-00002_20170620130116.parquet,0,1,0,0,0
0/WELL-00002_20170620180211.parquet,0,1,0,0,0
0/WELL-00002_20170620220109.parquet,0,1,0,0,0
0/WELL-00002_20170621020054.parquet,0,1,0,0,0
0/WELL-00002_20170621070422.parquet,0,1,0,0,0
0/WELL-00002_20170621120116.parquet,0,1,0,0,0
0/WELL-00002_20170621170032.parquet,0,1,0,0,0
0/WELL-00002_20170621220054.parquet,0,1,0,0,0
0/WELL-00002_20170622030105.parquet,0,0,1,0,0
0/WELL-00002_20170622080043.parquet,0,0,1,0,0
0/WELL-00002_20170622130127.parquet,0,0,1,0,0
0/WELL-00002_20170622180316.parquet,0,0,1,0,0
0/WELL-00002_20170622230305.parquet,0,0,1,0,0
0/WELL-00002_20170623040021.parquet,0,0,0,0,1
0/WELL-00002_20170623090032.parquet,0,0,0,0,1
0/WELL-00002_20170623140127.parquet,0,0,0,0,1
0/WELL-00002_20170623190211.parquet,0,0,0,0,1
0/WELL-00002_20170624000032.parquet,1,0,0,0,0
0/WELL-00002_20170624050127.parquet,1,0,0,0,0
0/WELL-00002_20170624100021.parquet,1,0,0,0,0
0/WELL-00002_20170624150054.parquet,1,0,0,0,0
0/WELL-00002_20170624200211.parquet,1,0,0,0,0
0/WELL-00002_20170625010200.parquet,0,0,1,0,0
0/WELL-00002_20170625060243.parquet,0,0,1,0,0
0/WELL-00002_20170625110032.parquet,0,0,1,0,0
0/WELL-00002_20170625160232.parquet,0,0,1,0,0
0/WELL-00002_20170625210127.parquet,0,0,1,0,0
0/WELL-00002_20170626020043.parquet,1,0,0,0,0
0/WELL-00002_20170626070149.parquet,1,0,0,0,0
0/WELL-00002_20170626120032.parquet,1,0,0,0,0
0/WELL-00002_20170626170138.parquet,1,0,0,0,0
0/WELL-00002_20170626220316.parquet,1,0,0,0,0
0/WELL-00002_20170804200000.parquet,0,0,1,0,0
0/WELL-00002_20170805010000.parquet,0,0,0,0,1
0/WELL-00002_20170805060000.parquet,0,0,0,0,1
0/WELL-00002_20170805110000.parquet,0,0,0,0,1
0/WELL-00002_20170805160000.parquet,0,0,0,0,1
0/WELL-00002_20170805210000.parquet,0,0,0,0,1
0/WELL-00002_20170806020000.parquet,0,1,0,0,0
0/WELL-00002_20170806070000.parquet,0,1,0,0,0
0/WELL-00002_20170806120000.parquet,0,1,0,0,0
0/WELL-00002_20170806170000.parquet,0,1,0,0,0
0/WELL-00002_20170806220000.parquet,0,1,0,0,0
0/WELL-00002_20170807030000.parquet,0,0,1,0,0
0/WELL-00002_20170807080000.parquet,0,0,1,0,0
0/WELL-00002_20170807130000.parquet,0,0,1,0,0
0/WELL-00002_20170807180000.parquet,0,0,1,0,0
0/WELL-00002_20170807230000.parquet,0,0,1,0,0
0/WELL-00002_20170808040000.parquet,0,1,0,0,0
0/WELL-00002_20170808090000.parquet,0,1,0,0,0
0/WELL-00002_20170808140000.parquet,0,1,0,0,0
0/WELL-00002_20170808190026.parquet,0,1,0,0,0
0/WELL-00002_20170809000000.parquet,0,0,0,1,0
0/WELL-00002_20170809050000.parquet,0,0,0,1,0
0/WELL-00002_20170809100000.parquet,0,0,0,1,0
0/WELL-00002_20170809150026.parquet,0,0,0,1,0
0/WELL-00002_20170809200000.parquet,0,0,0,1,0
0/WELL-00002_20170810010026.parquet,0,0,1,0,0
0/WELL-00002_20170810060000.parquet,0,0,1,0,0
0/WELL-00002_20170810110000.parquet,0,0,1,0,0
0/WELL-00002_20170810160000.parquet,0,0,1,0,0
0/WELL-00002_20170810210000.parquet,0,0,1,0,0
0/WELL-00002_20170811020000.parquet,0,1,0,0,0
0/WELL-00002_20170811070000.parquet,0,1,0,0,0
0/WELL-00002_20170811120000.parquet,0,1,0,0,0
0/WELL-00002_20170811170000.parquet,0,1,0,0,0
0/WELL-00002_20170811220000.parquet,0,1,0,0,0
0/WELL-00002_20170812030000.parquet,1,0,0,0,0
0/WELL-00002_20170812080000.parquet,1,0,0,0,0
0/WELL-00002_20170812130000.parquet,1,0,0,0,0
0/WELL-00002_20170812180000.parquet,1,0,0,0,0
0/WELL-00002_20170812230000.parquet,1,0,0,0,0
0/WELL-00002_20170813040000.parquet,0,0,0,0,1
0/WELL-00002_20170813090000.parquet,0,0,0,0,1
0/WELL-00002_20170813140000.parquet,0,0,0,0,1
0/WELL-00003_20170514000000.parquet,0,0,0,1,0
0/WELL-00003_20170514050000.parquet,0,0,0,1,0
0/WELL-00003_20170514100000.parquet,0,0,0,1,0
0/WELL-00003_20170514150000.parquet,0,0,0,1,0
0/WELL-00003_20170807090000.parquet,0,1,0,0,0
0/WELL-00003_20170812010116.parquet,0,0,0,0,1
0/WELL-00003_20170812060038.parquet,0,0,0,0,1
0/WELL-00003_20170812110000.parquet,0,0,0,0,1
0/WELL-00003_20170812160025.parquet,0,0,0,0,1
0/WELL-00003_20170812210116.parquet,0,0,0,0,1
0/WELL-00003_20170813020000.parquet,0,0,0,0,1
0/WELL-00003_20170813070105.parquet,0,0,0,0,1
0/WELL-00003_20170813120131.parquet,0,0,0,0,1
0/WELL-00003_20170813170118.parquet,0,0,0,0,1
0/WELL-00003_20170820220053.parquet,0,0,0,1,0
0/WELL-00003_20170821030114.parquet,0,0,1,0,0
0/WELL-00003_20170821080300.parquet,0,0,1,0,0
0/WELL-00003_20170821130207.parquet,0,0,1,0,0
0/WELL-00003_20170914100000.parquet,0,1,0,0,0
0/WELL-00003_20170914150000.parquet,0,1,0,0,0
0/WELL-00003_20170914200000.parquet,0,1,0,0,0
0/WELL-00003_20170915010000.parquet,0,1,0,0,0
0/WELL-00003_20170915060000.parquet,0,1,0,0,0
0/WELL-00003_20170915110000.parquet,0,1,0,0,0
0/WELL-00003_20170915160000.parquet,0,1,0,0,0
0/WELL-00003_20170915210000.parquet,0,1,0,0,0
0/WELL-00004_20140806210033.parquet,0,0,1,0,0
0/WELL-00004_20140806230129.parquet,0,0,1,0,0
0/WELL-00004_20140807010107.parquet,0,1,0,0,0
0/WELL-00004_20140807030137.parquet,0,1,0,0,0
0/WELL-00004_20140807050141.parquet,0,1,0,0,0
0/WELL-00004_20140807070055.parquet,0,1,0,0,0
0/WELL-00004_20140807090112.parquet,0,1,0,0,0
0/WELL-00004_20140807110112.parquet,0,1,0,0,0
0/WELL-00004_20140807130038.parquet,0,1,0,0,0
0/WELL-00004_20140807150311.parquet,0,1,0,0,0
0/WELL-00004_20140807170050.parquet,0,1,0,0,0
0/WELL-00004_20140807190042.parquet,0,1,0,0,0
0/WELL-00005_20170331050014.parquet,0,0,0,0,1
0/WELL-00005_20170331100000.parquet,0,0,0,0,1
0/WELL-00005_20170331150000.parquet,0,0,0,0,1
0/WELL-00005_20170331200112.parquet,0,0,0,0,1
0/WELL-00005_20170401010000.parquet,0,0,0,1,0
0/WELL-00005_20170401060000.parquet,0,0,0,1,0
0/WELL-00005_20170401110141.parquet,0,0,0,1,0
0/WELL-00005_20170401160000.parquet,0,0,0,1,0
0/WELL-00005_20170401210156.parquet,0,0,0,1,0
0/WELL-00005_20170402020029.parquet,0,0,1,0,0
0/WELL-00005_20170402070043.parquet,0,0,1,0,0
0/WELL-00005_20170402120029.parquet,0,0,1,0,0
0/WELL-00005_20170402170043.parquet,0,0,1,0,0
0/WELL-00005_20170402220127.parquet,0,0,1,0,0
0/WELL-00005_20170403030000.parquet,0,1,0,0,0
0/WELL-00005_20170403080000.parquet,0,1,0,0,0
0/WELL-00005_20170403130000.parquet,0,1,0,0,0
0/WELL-00005_20170403180000.parquet,0,1,0,0,0
0/WELL-00005_20170403230043.parquet,0,1,0,0,0
0/WELL-00005_20170516040046.parquet,0,0,1,0,0
0/WELL-00005_20170516070038.parquet,0,0,1,0,0
0/WELL-00005_20170516100000.parquet,0,0,1,0,0
0/WELL-00005_20170516130007.parquet,0,0,1,0,0
0/WELL-00005_20170516160000.parquet,0,0,1,0,0
0/WELL-00005_20170516190038.parquet,0,0,1,0,0
0/WELL-00005_20170516220000.parquet,0,0,1,0,0
0/WELL-00005_20170812100000.parquet,0,1,0,0,0
0/WELL-00005_20170812130000.parquet,0,1,0,0,0
0/WELL-00005_20170812160000.parquet,0,1,0,0,0
0/WELL-00005_20170812190000.parquet,0,1,0,0,0
0/WELL-00005_20170812220000.parquet,0,1,0,0,0
0/WELL-00005_20170813010000.parquet,0,0,0,1,0
0/WELL-00005_20170813040000.parquet,0,0,0,1,0
0/WELL-00005_20170813070000.parquet,0,0,0,1,0
0/WELL-00005_20170813100000.parquet,0,0,0,1,0
0/WELL-00005_20170813130000.parquet,0,0,0,1,0
0/WELL-00005_20170813160000.parquet,0,0,0,1,0
0/WELL-00005_20170813190000.parquet,0,0,0,1,0
0/WELL-00005_20170813220000.parquet,0,0,0,1,0
0/WELL-00005_20170814010000.parquet,0,0,0,0,1
0/WELL-00005_20170814040000.parquet,0,0,0,0,1
0/WELL-00005_20170814070000.parquet,0,0,0,0,1
0/WELL-00005_20170814100000.parquet,0,0,0,0,1
0/WELL-00005_20170814130000.parquet,0,0,0,0,1
0/WELL-00005_20170814160000.parquet,0,0,0,0,1
0/WELL-00005_20170814190000.parquet,0,0,0,0,1
0/WELL-00005_20170814220000.parquet,0,0,0,0,1
0/WELL-00005_20170815040000.parquet,1,0,0,0,0
0/WELL-00005_20170815070000.parquet,1,0,0,0,0
0/WELL-00005_20170815100000.parquet,1,0,0,0,0
0/WELL-00005_20170815130000.parquet,1,0,0,0,0
0/WELL-00005_20170815160000.parquet,1,0,0,0,0
0/WELL-00005_20170815190000.parquet,1,0,0,0,0
0/WELL-00005_20170815220000.parquet,1,0,0,0,0
0/WELL-00005_20170816010000.parquet,1,0,0,0,0
0/WELL-00005_20170816040000.parquet,1,0,0,0,0
0/WELL-00005_20170816070000.parquet,1,0,0,0,0
0/WELL-00005_20170816100000.parquet,1,0,0,0,0
0/WELL-00005_20170816130000.parquet,1,0,0,0,0
0/WELL-00005_20170816160000.parquet,1,0,0,0,0
0/WELL-00005_20170816190000.parquet,1,0,0,0,0
0/WELL-00005_20170816220000.parquet,1,0,0,0,0
0/WELL-00005_20170817010000.parquet,0,0,0,0,1
0/WELL-00005_20170817040000.parquet,0,0,0,0,1
0/WELL-00005_20170817070000.parquet,0,0,0,0,1
0/WELL-00005_20170817100000.parquet,0,0,0,0,1
0/WELL-00005_20170817130000.parquet,0,0,0,0,1
0/WELL-00005_20170817160000.parquet,0,0,0,0,1
0/WELL-00005_20170817190000.parquet,0,0,0,0,1
0/WELL-00005_20170830050000.parquet,0,0,1,0,0
0/WELL-00005_20170830080000.parquet,0,0,1,0,0
0/WELL-00005_20170830110000.parquet,0,0,1,0,0
0/WELL-00005_20170830140000.parquet,0,0,1,0,0
0/WELL-00005_20170830170000.parquet,0,0,1,0,0
0/WELL-00005_20170830200000.parquet,0,0,1,0,0
0/WELL-00005_20170910020004.parquet,0,0,0,1,0
0/WELL-00005_20170910040000.parquet,0,0,0,1,0
0/WELL-00005_20170910060000.parquet,0,0,0,1,0
0/WELL-00005_20170910080000.parquet,0,0,0,1,0
0/WELL-00005_20170910100000.parquet,0,0,0,1,0
0/WELL-00005_20170910120000.parquet,0,0,0,1,0
0/WELL-00006_20170206210031.parquet,0,0,0,1,0
0/WELL-00006_20170207020135.parquet,0,1,0,0,0
0/WELL-00006_20170207070124.parquet,0,1,0,0,0
0/WELL-00006_20170207120228.parquet,0,1,0,0,0
0/WELL-00006_20170207170042.parquet,0,1,0,0,0
0/WELL-00006_20170207220207.parquet,0,1,0,0,0
0/WELL-00006_20170208030124.parquet,0,0,0,1,0
0/WELL-00006_20170208080053.parquet,0,0,0,1,0
0/WELL-00006_20170208130146.parquet,0,0,0,1,0
0/WELL-00006_20170208180207.parquet,0,0,0,1,0
0/WELL-00006_20170208230114.parquet,0,0,0,1,0
0/WELL-00006_20170209040042.parquet,0,0,0,0,1
0/WELL-00006_20170209090207.parquet,0,0,0,0,1
0/WELL-00006_20170209140146.parquet,0,0,0,0,1
0/WELL-00006_20170209190114.parquet,0,0,0,0,1
0/WELL-00006_20170210000135.parquet,0,1,0,0,0
0/WELL-00006_20170221230000.parquet,0,0,0,0,1
0/WELL-00006_20170222040000.parquet,1,0,0,0,0
0/WELL-00006_20170222090000.parquet,1,0,0,0,0
0/WELL-00006_20170222140000.parquet,1,0,0,0,0
0/WELL-00006_20170222190000.parquet,1,0,0,0,0
0/WELL-00006_20170223000000.parquet,0,0,0,0,1
0/WELL-00006_20170223050000.parquet,0,0,0,0,1
0/WELL-00006_20170223100000.parquet,0,0,0,0,1
0/WELL-00006_20170223150000.parquet,0,0,0,0,1
0/WELL-00006_20170223200000.parquet,0,0,0,0,1
0/WELL-00006_20170224010000.parquet,0,0,1,0,0
0/WELL-00006_20170224060000.parquet,0,0,1,0,0
0/WELL-00006_20170224110025.parquet,0,0,1,0,0
0/WELL-00006_20170224160000.parquet,0,0,1,0,0
0/WELL-00006_20170505200021.parquet,1,0,0,0,0
0/WELL-00006_20170506010103.parquet,0,0,0,0,1
0/WELL-00006_20170506060114.parquet,0,0,0,0,1
0/WELL-00006_20170506110042.parquet,0,0,0,0,1
0/WELL-00006_20170506160053.parquet,0,0,0,0,1
0/WELL-00006_20170506210103.parquet,0,0,0,0,1
0/WELL-00006_20170507020249.parquet,0,0,1,0,0
0/WELL-00006_20170507070124.parquet,0,0,1,0,0
0/WELL-00006_20170507120135.parquet,0,0,1,0,0
0/WELL-00006_20170507170103.parquet,0,0,1,0,0
0/WELL-00006_20170507220053.parquet,0,0,1,0,0
0/WELL-00006_20170508030021.parquet,1,0,0,0,0
0/WELL-00006_20170508080031.parquet,1,0,0,0,0
0/WELL-00006_20170508130053.parquet,1,0,0,0,0
0/WELL-00006_20170508180053.parquet,1,0,0,0,0
0/WELL-00006_20170508230053.parquet,1,0,0,0,0
0/WELL-00006_20170509040031.parquet,0,1,0,0,0
0/WELL-00006_20170509090135.parquet,0,1,0,0,0
0/WELL-00006_20170509140042.parquet,0,1,0,0,0
0/WELL-00006_20170509190135.parquet,0,1,0,0,0
0/WELL-00006_20170815050000.parquet,0,1,0,0,0
0/WELL-00006_20170815100000.parquet,0,1,0,0,0
0/WELL-00006_20170815150000.parquet,0,1,0,0,0
0/WELL-00006_20170815200000.parquet,0,1,0,0,0
0/WELL-00006_20170816010000.parquet,1,0,0,0,0
0/WELL-00006_20170816060000.parquet,1,0,0,0,0
0/WELL-00006_20170816110000.parquet,1,0,0,0,0
0/WELL-00006_20170816160000.parquet,1,0,0,0,0
0/WELL-00006_20170816210000.parquet,1,0,0,0,0
0/WELL-00006_20170817020000.parquet,1,0,0,0,0
0/WELL-00006_20170817070000.parquet,1,0,0,0,0
0/WELL-00006_20170817120000.parquet,1,0,0,0,0
0/WELL-00006_20170817170000.parquet,1,0,0,0,0
0/WELL-00006_20170817220000.parquet,1,0,0,0,0
0/WELL-00006_20170818030000.parquet,0,1,0,0,0
0/WELL-00006_20170818080000.parquet,0,1,0,0,0
0/WELL-00006_20170818130000.parquet,0,1,0,0,0
0/WELL-00006_20170818180000.parquet,0,1,0,0,0
0/WELL-00006_20170818230000.parquet,0,1,0,0,0
0/WELL-00006_20170819040000.parquet,0,0,0,1,0
0/WELL-00006_20170819090000.parquet,0,0,0,1,0
0/WELL-00006_20170819140000.parquet,0,0,0,1,0
0/WELL-00006_20170819190000.parquet,0,0,0,1,0
0/WELL-00006_20170820000000.parquet,1,0,0,0,0
0/WELL-00006_20170820050000.parquet,1,0,0,0,0
0/WELL-00006_20170820100000.parquet,1,0,0,0,0
0/WELL-00006_20170820150000.parquet,1,0,0,0,0
0/WELL-00006_20170820200000.parquet,1,0,0,0,0
0/WELL-00006_20170821010000.parquet,0,0,0,0,1
0/WELL-00006_20170821060000.parquet,0,0,0,0,1
0/WELL-00006_20170821110000.parquet,0,0,0,0,1
0/WELL-00006_20170821160000.parquet,0,0,0,0,1
0/WELL-00006_20170821210000.parquet,0,0,0,0,1
0/WELL-00006_20170822020000.parquet,1,0,0,0,0
0/WELL-00006_20170822170000.parquet,1,0,0,0,0
0/WELL-00006_20170822220000.parquet,1,0,0,0,0
0/WELL-00006_20170823030000.parquet,1,0,0,0,0
0/WELL-00006_20170823080000.parquet,1,0,0,0,0
0/WELL-00006_20170823130000.parquet,1,0,0,0,0
0/WELL-00006_20170823180000.parquet,1,0,0,0,0
0/WELL-00006_20170823230000.parquet,1,0,0,0,0
0/WELL-00006_20170824040000.parquet,0,0,1,0,0
0/WELL-00006_20170824090000.parquet,0,0,1,0,0
0/WELL-00006_20170824140000.parquet,0,0,1,0,0
0/WELL-00006_20170824190135.parquet,0,0,1,0,0
0/WELL-00006_20170825000042.parquet,0,0,0,1,0
0/WELL-00006_20170825050135.parquet,0,0,0,1,0
0/WELL-00006_20170825100249.parquet,0,0,0,1,0
0/WELL-00006_20170825150135.parquet,0,0,0,1,0
0/WELL-00006_20170825200053.parquet,0,0,0,1,0
0/WELL-00006_20170826010207.parquet,0,0,0,0,1
0/WELL-00006_20170826060135.parquet,0,0,0,0,1
0/WELL-00006_20170826110103.parquet,0,0,0,0,1
0/WELL-00006_20170826160103.parquet,0,0,0,0,1
0/WELL-00006_20170826210114.parquet,0,0,0,0,1
0/WELL-00006_20170827020218.parquet,0,0,0,1,0
0/WELL-00006_20170827070114.parquet,0,0,0,1,0
0/WELL-00006_20170827120321.parquet,0,0,0,1,0
0/WELL-00006_20170827170146.parquet,0,0,0,1,0
0/WELL-00006_20170827220218.parquet,0,0,0,1,0
0/WELL-00006_20170828030343.parquet,1,0,0,0,0
0/WELL-00006_20170828080311.parquet,1,0,0,0,0
0/WELL-00006_20170828130031.parquet,1,0,0,0,0
0/WELL-00007_20170801170000.parquet,0,1,0,0,0
0/WELL-00007_20170801190000.parquet,0,1,0,0,0
0/WELL-00008_20170610210246.parquet,0,0,1,0,0
0/WELL-00008_20170611020246.parquet,0,0,0,1,0
0/WELL-00008_20170611070445.parquet,0,0,0,1,0
0/WELL-00008_20170611120123.parquet,0,0,0,1,0
0/WELL-00008_20170611170123.parquet,0,0,0,1,0
0/WELL-00008_20170611220123.parquet,0,0,0,1,0
0/WELL-00008_20170612030000.parquet,0,0,0,0,1
0/WELL-00008_20170612080246.parquet,0,0,0,0,1
0/WELL-00008_20170612130047.parquet,0,0,0,0,1
0/WELL-00008_20170612180111.parquet,0,0,0,0,1
0/WELL-00008_20170612230222.parquet,0,0,0,0,1
0/WELL-00008_20170613210222.parquet,0,0,1,0,0
0/WELL-00008_20170614020135.parquet,1,0,0,0,0
0/WELL-00008_20170614070246.parquet,1,0,0,0,0
0/WELL-00008_20170614120135.parquet,1,0,0,0,0
0/WELL-00008_20170614170123.parquet,1,0,0,0,0
0/WELL-00008_20170614220333.parquet,1,0,0,0,0
0/WELL-00008_20170615030123.parquet,0,1,0,0,0
0/WELL-00008_20170615080234.parquet,0,1,0,0,0
0/WELL-00008_20170615130310.parquet,0,1,0,0,0
0/WELL-00008_20170615180111.parquet,0,1,0,0,0
0/WELL-00008_20170629160123.parquet,1,0,0,0,0
0/WELL-00008_20170629210321.parquet,1,0,0,0,0
0/WELL-00008_20170630020222.parquet,0,0,0,0,1
0/WELL-00008_20170630070310.parquet,0,0,0,0,1
0/WELL-00008_20170630120246.parquet,0,0,0,0,1
0/WELL-00008_20170630170321.parquet,0,0,0,0,1
0/WELL-00008_20170630220146.parquet,0,0,0,0,1
0/WELL-00008_20170701030210.parquet,0,0,0,1,0
0/WELL-00008_20170701080222.parquet,0,0,0,1,0
0/WELL-00008_20170701130135.parquet,0,0,0,1,0
0/WELL-00008_20170701180222.parquet,0,0,0,1,0
0/WELL-00008_20170701230246.parquet,0,0,0,1,0
0/WELL-00008_20170702040135.parquet,1,0,0,0,0
0/WELL-00008_20170702090222.parquet,1,0,0,0,0
0/WELL-00008_20170702140532.parquet,1,0,0,0,0
0/WELL-00008_20170702190135.parquet,1,0,0,0,0
0/WELL-00008_20170703000445.parquet,0,0,0,1,0
0/WELL-00008_20170703050123.parquet,0,0,0,1,0
0/WELL-00008_20170816130222.parquet,0,0,0,0,1
0/WELL-00008_20170816180321.parquet,0,0,0,0,1
0/WELL-00008_20170816230146.parquet,0,0,0,0,1
0/WELL-00008_20170817040135.parquet,0,0,0,1,0
0/WELL-00008_20170817090246.parquet,0,0,0,1,0
0/WELL-00008_20170817140222.parquet,0,0,0,1,0
0/WELL-00008_20170817190123.parquet,0,0,0,1,0
0/WELL-00008_20170818000222.parquet,1,0,0,0,0
0/WELL-00008_20170818050210.parquet,1,0,0,0,0
0/WELL-00008_20170818100258.parquet,1,0,0,0,0
0/WELL-00008_20170818150123.parquet,1,0,0,0,0
0/WELL-00008_20170818200310.parquet,1,0,0,0,0
0/WELL-00008_20170819010123.parquet,0,0,1,0,0
0/WELL-00008_20170819060246.parquet,0,0,1,0,0
0/WELL-00008_20170819110210.parquet,0,0,1,0,0
0/WELL-00008_20170914010321.parquet,0,0,0,1,0
0/WELL-00008_20170914060222.parquet,0,0,0,1,0
0/WELL-00008_20170914110246.parquet,0,0,0,1,0
0/WELL-00019_20170307235203.parquet,0,0,0,1,0
1/DRAWN_00001.parquet,0,1,0,0,0
1/DRAWN_00002.parquet,1,0,0,0,0
1/DRAWN_00003.parquet,0,0,1,0,0
1/DRAWN_00004.parquet,1,0,0,0,0
1/DRAWN_00005.parquet,0,0,1,0,0
1/DRAWN_00006.parquet,0,0,0,1,0
1/DRAWN_00007.parquet,0,0,0,0,1
1/DRAWN_00008.parquet,0,0,0,0,1
1/DRAWN_00009.parquet,0,0,0,1,0
1/DRAWN_00010.parquet,0,1,0,0,0
1/SIMULATED_00001.parquet,0,0,0,0,1
1/SIMULATED_00002.parquet,0,0,1,0,0
1/SIMULATED_00003.parquet,0,0,1,0,0
1/SIMULATED_00004.parquet,1,0,0,0,0
1/SIMULATED_00005.parquet,0,0,0,1,0
1/SIMULATED_00006.parquet,0,0,0,1,0
1/SIMULATED_00007.parquet,1,0,0,0,0
1/SIMULATED_00008.parquet,1,0,0,0,0
1/SIMULATED_00009.parquet,0,1,0,0,0
1/SIMULATED_00010.parquet,0,0,0,0,1
1/SIMULATED_00011.parquet,0,0,0,1,0
1/SIMULATED_00012.parquet,0,0,0,1,0
1/SIMULATED_00013.parquet,0,0,0,1,0
1/SIMULATED_00014.parquet,0,0,1,0,0
1/SIMULATED_00015.parquet,1,0,0,0,0
1/SIMULATED_00016.parquet,1,0,0,0,0
1/SIMULATED_00017.parquet,0,0,0,1,0
1/SIMULATED_00018.parquet,0,0,0,0,1
1/SIMULATED_00019.parquet,0,0,0,1,0
1/SIMULATED_00020.parquet,0,0,0,1,0
1/SIMULATED_00021.parquet,0,0,1,0,0
1/SIMULATED_00022.parquet,0,1,0,0,0
1/SIMULATED_00023.parquet,0,0,0,0,1
1/SIMULATED_00024.parquet,0,1,0,0,0
1/SIMULATED_00025.parquet,0,1,0,0,0
1/SIMULATED_00026.parquet,1,0,0,0,0
1/SIMULATED_00027.parquet,0,1,0,0,0
1/SIMULATED_00028.parquet,0,0,1,0,0
1/SIMULATED_00029.parquet,1,0,0,0,0
1/SIMULATED_00030.parquet,0,1,0,0,0
1/SIMULATED_00031.parquet,0,0,0,0,1
1/SIMULATED_00032.parquet,0,0,0,0,1
1/SIMULATED_00033.parquet,0,1,0,0,0
1/SIMULATED_00034.parquet,0,0,0,0,1
1/SIMULATED_00035.parquet,0,0,0,1,0
1/SIMULATED_00036.parquet,1,0,0,0,0
1/SIMULATED_00037.parquet,0,1,0,0,0
1/SIMULATED_00038.parquet,0,0,1,0,0
1/SIMULATED_00039.parquet,0,0,1,0,0
1/SIMULATED_00040.parquet,0,1,0,0,0
1/SIMULATED_00041.parquet,0,0,0,0,1
1/SIMULATED_00042.parquet,1,0,0,0,0
1/SIMULATED_00043.parquet,0,0,0,0,1
1/SIMULATED_00044.parquet,0,0,1,0,0
1/SIMULATED_00045.parquet,0,0,1,0,0
1/SIMULATED_00046.parquet,0,0,0,0,1
1/SIMULATED_00047.parquet,0,0,0,1,0
1/SIMULATED_00048.parquet,0,0,0,0,1
1/SIMULATED_00049.parquet,0,1,0,0,0
1/SIMULATED_00050.parquet,0,1,0,0,0
1/SIMULATED_00051.parquet,0,0,1,0,0
1/SIMULATED_00052.parquet,0,0,0,1,0
1/SIMULATED_00053.parquet,0,0,1,0,0
1/SIMULATED_00054.parquet,0,1,0,0,0
1/SIMULATED_00055.parquet,1,0,0,0,0
1/SIMULATED_00056.parquet,0,1,0,0,0
1/SIMULATED_00057.parquet,0,0,1,0,0
1/SIMULATED_00058.parquet,0,0,0,1,0
1/SIMULATED_00059.parquet,0,0,0,0,1
1/SIMULATED_00060.parquet,0,0,0,1,0
1/SIMULATED_00061.parquet,0,0,1,0,0
1/SIMULATED_00062.parquet,0,0,1,0,0
1/SIMULATED_00063.parquet,0,0,0,1,0
1/SIMULATED_00064.parquet,0,0,0,1,0
1/SIMULATED_00065.parquet,0,1,0,0,0
1/SIMULATED_00066.parquet,1,0,0,0,0
1/SIMULATED_00067.parquet,0,0,0,1,0
1/SIMULATED_00068.parquet,0,0,0,1,0
1/SIMULATED_00069.parquet,1,0,0,0,0
1/SIMULATED_00070.parquet,0,0,1,0,0
1/SIMULATED_00071.parquet,0,0,0,0,1
1/SIMULATED_00072.parquet,0,1,0,0,0
1/SIMULATED_00073.parquet,0,0,0,0,1
1/SIMULATED_00074.parquet,0,1,0,0,0
1/SIMULATED_00075.parquet,1,0,0,0,0
1/SIMULATED_00076.parquet,0,0,1,0,0
1/SIMULATED_00077.parquet,0,1,0,0,0
1/SIMULATED_00078.parquet,0,0,0,0,1
1/SIMULATED_00079.parquet,1,0,0,0,0
1/SIMULATED_00080.parquet,1,0,0,0,0
1/SIMULATED_00081.parquet,0,1,0,0,0
1/SIMULATED_00082.parquet,0,1,0,0,0
1/SIMULATED_00083.parquet,0,0,0,0,1
1/SIMULATED_00084.parquet,1,0,0,0,0
1/SIMULATED_00085.parquet,0,0,1,0,0
1/SIMULATED_00086.parquet,0,0,0,1,0
1/SIMULATED_00087.parquet,1,0,0,0,0
1/SIMULATED_00088.parquet,1,0,0,0,0
1/SIMULATED_00089.parquet,0,0,1,0,0
1/SIMULATED_00090.parquet,0,0,1,0,0
1/SIMULATED_00091.parquet,0,0,1,0,0
1/SIMULATED_00092.parquet,0,0,1,0,0
1/SIMULATED_00093.parquet,0,0,0,0,1
1/SIMULATED_00094.parquet,0,1,0,0,0
1/SIMULATED_00095.parquet,1,0,0,0,0
1/SIMULATED_00096.parquet,0,0,0,1,0
1/SIMULATED_00097.parquet,0,0,0,0,1
1/SIMULATED_00098.parquet,0,0,0,0,1
1/SIMULATED_00099.parquet,0,0,0,1,0
1/SIMULATED_00100.parquet,0,1,0,0,0
1/SIMULATED_00101.parquet,0,0,1,0,0
1/SIMULATED_00102.parquet,0,0,0,0,1
1/SIMULATED_00103.parquet,0,0,0,1,0
1/SIMULATED_00104.parquet,1,0,0,0,0
1/SIMULATED_00105.parquet,0,1,0,0,0
1/SIMULATED_00106.parquet,0,0,0,1,0
1/SIMULATED_00107.parquet,0,0,1,0,0
1/SIMULATED_00108.parquet,0,0,0,1,0
1/SIMULATED_00109.parquet,1,0,0,0,0
1/SIMULATED_00110.parquet,0,0,0,0,1
1/SIMULATED_00111.parquet,0,1,0,0,0
1/SIMULATED_00112.parquet,1,0,0,0,0
1/SIMULATED_00113.parquet,1,0,0,0,0
1/SIMULATED_00114.parquet,0,0,0,0,1
1/WELL-00001_20140124083303.parquet,0,1,0,0,0
1/WELL-00002_20140126180030.parquet,0,0,0,1,0
1/WELL-00006_20170731170930.parquet,1,0,0,0,0
1/WELL-00006_20180617190257.parquet,0,0,1,0,0
2/SIMULATED_00001.parquet,0,1,0,0,0
2/SIMULATED_00002.parquet,1,0,0,0,0
2/SIMULATED_00003.parquet,0,0,0,0,1
2/SIMULATED_00004.parquet,0,0,1,0,0
2/SIMULATED_00005.parquet,0,0,0,1,0
2/SIMULATED_00006.parquet,1,0,0,0,0
2/SIMULATED_00007.parquet,0,1,0,0,0
2/SIMULATED_00008.parquet,0,0,1,0,0
2/SIMULATED_00009.parquet,0,0,0,0,1
2/SIMULATED_00010.parquet,0,0,0,0,1
2/SIMULATED_00011.parquet,1,0,0,0,0
2/SIMULATED_00012.parquet,0,1,0,0,0
2/SIMULATED_00013.parquet,0,0,1,0,0
2/SIMULATED_00014.parquet,1,0,0,0,0
2/SIMULATED_00015.parquet,0,0,0,1,0
2/SIMULATED_00016.parquet,0,0,0,1,0
2/WELL-00002_20131104004101.parquet,1,0,0,0,0
2/WELL-00003_20141122190000.parquet,0,0,0,1,0
2/WELL-00003_20170728130240.parquet,0,0,0,0,1
2/WELL-00003_20180206171508.parquet,0,1,0,0,0
2/WELL-00009_20170313150804.parquet,0,0,0,0,1
2/WELL-00010_20171218180131.parquet,0,0,0,1,0
2/WELL-00011_20140515083000.parquet,0,0,0,1,0
2/WELL-00011_20140530083203.parquet,0,0,1,0,0
2/WELL-00011_20140606213810.parquet,0,0,1,0,0
2/WELL-00011_20140720110102.parquet,0,0,0,1,0
2/WELL-00011_20140726165720.parquet,0,0,0,0,1
2/WELL-00011_20140823230118.parquet,0,0,0,0,1
2/WELL-00011_20140916050300.parquet,0,1,0,0,0
2/WELL-00011_20140921183228.parquet,0,1,0,0,0
2/WELL-00011_20140928090056.parquet,0,1,0,0,0
2/WELL-00011_20140929153332.parquet,0,0,1,0,0
2/WELL-00011_20140929210121.parquet,0,0,1,0,0
2/WELL-00011_20141005160056.parquet,0,0,0,0,1
2/WELL-00011_20141006150121.parquet,0,0,0,1,0
2/WELL-00012_20170320011000.parquet,1,0,0,0,0
2/WELL-00012_20170320123144.parquet,1,0,0,0,0
2/WELL-00013_20170329010229.parquet,1,0,0,0,0
3/SIMULATED_00001.parquet,0,1,0,0,0
3/SIMULATED_00002.parquet,0,0,1,0,0
3/SIMULATED_00003.parquet,0,0,0,1,0
3/SIMULATED_00004.parquet,0,0,0,0,1
3/SIMULATED_00005.parquet,0,1,0,0,0
3/SIMULATED_00006.parquet,0,0,0,0,1
3/SIMULATED_00007.parquet,0,0,1,0,0
3/SIMULATED_00008.parquet,1,0,0,0,0
3/SIMULATED_00009.parquet,0,1,0,0,0
3/SIMULATED_00010.parquet,0,1,0,0,0
3/SIMULATED_00011.parquet,0,0,1,0,0
3/SIMULATED_00012.parquet,0,0,1,0,0
3/SIMULATED_00013.parquet,0,0,1,0,0
3/SIMULATED_00014.parquet,0,1,0,0,0
3/SIMULATED_00015.parquet,0,1,0,0,0
3/SIMULATED_00016.parquet,0,0,0,1,0
3/SIMULATED_00017.parquet,0,0,0,1,0
3/SIMULATED_00018.parquet,0,0,0,0,1
3/SIMULATED_00019.parquet,1,0,0,0,0
3/SIMULATED_00020.parquet,1,0,0,0,0
3/SIMULATED_00021.parquet,0,1,0,0,0
3/SIMULATED_00022.parquet,0,1,0,0,0
3/SIMULATED_00023.parquet,1,0,0,0,0
3/SIMULATED_00024.parquet,0,0,0,1,0
3/SIMULATED_00025.parquet,0,0,0,0,1
3/SIMULATED_00026.parquet,0,0,0,1,0
3/SIMULATED_00027.parquet,1,0,0,0,0
3/SIMULATED_00028.parquet,0,1,0,0,0
3/SIMULATED_00029.parquet,1,0,0,0,0
3/SIMULATED_00030.parquet,0,0,0,1,0
3/SIMULATED_00031.parquet,1,0,0,0,0
3/SIMULATED_00032.parquet,0,0,0,1,0
3/SIMULATED_00033.parquet,0,0,0,1,0
3/SIMULATED_00034.parquet,0,0,1,0,0
3/SIMULATED_00035.parquet,0,0,0,1,0
3/SIMULATED_00036.parquet,0,0,0,0,1
3/SIMULATED_00037.parquet,0,0,1,0,0
3/SIMULATED_00038.parquet,1,0,0,0,0
3/SIMULATED_00039.parquet,1,0,0,0,0
3/SIMULATED_00040.parquet,1,0,0,0,0
3/SIMULATED_00041.parquet,0,0,1,0,0
3/SIMULATED_00042.parquet,0,0,0,0,1
3/SIMULATED_00043.parquet,0,0,1,0,0
3/SIMULATED_00044.parquet,0,0,0,1,0
3/SIMULATED_00045.parquet,0,0,0,1,0
3/SIMULATED_00046.parquet,0,1,0,0,0
3/SIMULATED_00047.parquet,1,0,0,0,0
3/SIMULATED_00048.parquet,1,0,0,0,0
3/SIMULATED_00049.parquet,0,0,1,0,0
3/SIMULATED_00050.parquet,0,0,1,0,0
3/SIMULATED_00051.parquet,0,0,0,0,1
3/SIMULATED_00052.parquet,1,0,0,0,0
3/SIMULATED_00053.parquet,0,0,0,1,0
3/SIMULATED_00054.parquet,0,0,0,0,1
3/SIMULATED_00055.parquet,0,0,0,1,0
3/SIMULATED_00056.parquet,0,0,0,1,0
3/SIMULATED_00057.parquet,0,0,0,0,1
3/SIMULATED_00058.parquet,1,0,0,0,0
3/SIMULATED_00059.parquet,0,0,1,0,0
3/SIMULATED_00060.parquet,0,0,1,0,0
3/SIMULATED_00061.parquet,0,1,0,0,0
3/SIMULATED_00062.parquet,0,0,0,0,1
3/SIMULATED_00063.parquet,0,0,1,0,0
3/SIMULATED_00064.parquet,0,1,0,0,0
3/SIMULATED_00065.parquet,0,0,0,0,1
3/SIMULATED_00066.parquet,0,0,0,0,1
3/SIMULATED_00067.parquet,0,1,0,0,0
3/SIMULATED_00068.parquet,1,0,0,0,0
3/SIMULATED_00069.parquet,0,0,0,1,0
3/SIMULATED_00070.parquet,0,1,0,0,0
3/SIMULATED_00071.parquet,0,0,0,0,1
3/SIMULATED_00072.parquet,0,0,0,0,1
3/SIMULATED_00073.parquet,0,1,0,0,0
3/SIMULATED_00074.parquet,0,0,1,0,0
3/WELL-00001_20170320120025.parquet,1,0,0,0,0
3/WELL-00014_20170917140000.parquet,0,0,1,0,0
3/WELL-00014_20170917190000.parquet,0,0,1,0,0
3/WELL-00014_20170918010114.parquet,0,0,0,0,1
3/WELL-00014_20170918060135.parquet,0,0,0,0,1
3/WELL-00014_20170918110103.parquet,0,0,0,0,1
3/WELL-00014_20170919200016.parquet,0,0,0,1,0
3/WELL-00014_20170920000042.parquet,1,0,0,0,0
3/WELL-00014_20170920050228.parquet,1,0,0,0,0
3/WELL-00014_20170920100053.parquet,1,0,0,0,0
3/WELL-00014_20170920180207.parquet,1,0,0,0,0
3/WELL-00014_20170920230053.parquet,1,0,0,0,0
3/WELL-00014_20170921040404.parquet,0,0,0,0,1
3/WELL-00014_20170921090155.parquet,0,0,0,0,1
3/WELL-00014_20170921140042.parquet,0,0,0,0,1
3/WELL-00014_20170921190114.parquet,0,0,0,0,1
3/WELL-00014_20170922000042.parquet,0,0,1,0,0
3/WELL-00014_20170922050124.parquet,0,0,1,0,0
3/WELL-00014_20170922100042.parquet,0,0,1,0,0
3/WELL-00014_20170922150249.parquet,0,0,1,0,0
3/WELL-00014_20170925000031.parquet,0,0,0,1,0
3/WELL-00014_20170925050042.parquet,0,0,0,1,0
3/WELL-00014_20170925100124.parquet,0,0,0,1,0
3/WELL-00014_20170925150218.parquet,0,0,0,1,0
3/WELL-00014_20170925200042.parquet,0,0,0,1,0
3/WELL-00014_20170926010340.parquet,0,1,0,0,0
3/WELL-00014_20170926060042.parquet,0,1,0,0,0
3/WELL-00014_20170926110103.parquet,0,1,0,0,0
3/WELL-00014_20170926160228.parquet,0,1,0,0,0
3/WELL-00014_20171028070000.parquet,0,1,0,0,0
3/WELL-00014_20171028120000.parquet,0,1,0,0,0
3/WELL-00014_20171028170038.parquet,0,1,0,0,0
4/WELL-00001_20170316110203.parquet,0,1,0,0,0
4/WELL-00001_20170316130000.parquet,0,1,0,0,0
4/WELL-00001_20170316150005.parquet,0,1,0,0,0
4/WELL-00001_20170316170000.parquet,0,1,0,0,0
4/WELL-00001_20170316190000.parquet,0,1,0,0,0
4/WELL-00001_20170316210000.parquet,0,1,0,0,0
4/WELL-00001_20170316230000.parquet,0,1,0,0,0
4/WELL-00001_20170317010000.parquet,0,0,0,0,1
4/WELL-00001_20170317030000.parquet,0,0,0,0,1
4/WELL-00001_20170317050000.parquet,0,0,0,0,1
4/WELL-00001_20170317070000.parquet,0,0,0,0,1
4/WELL-00001_20170317090000.parquet,0,0,0,0,1
4/WELL-00001_20170317110000.parquet,0,0,0,0,1
4/WELL-00001_20170317130005.parquet,0,0,0,0,1
4/WELL-00001_20170317150000.parquet,0,0,0,0,1
4/WELL-00001_20170317170000.parquet,0,0,0,0,1
4/WELL-00001_20170317190000.parquet,0,0,0,0,1
4/WELL-00001_20170317210000.parquet,0,0,0,0,1
4/WELL-00001_20170317230020.parquet,0,0,0,0,1
4/WELL-00001_20170318010000.parquet,0,0,0,1,0
4/WELL-00001_20170318030000.parquet,0,0,0,1,0
4/WELL-00001_20170318050025.parquet,0,0,0,1,0
4/WELL-00001_20170318070000.parquet,0,0,0,1,0
4/WELL-00001_20170318090000.parquet,0,0,0,1,0
4/WELL-00001_20170318110000.parquet,0,0,0,1,0
4/WELL-00001_20170318130000.parquet,0,0,0,1,0
4/WELL-00001_20170319170033.parquet,0,1,0,0,0
4/WELL-00001_20170320180146.parquet,1,0,0,0,0
4/WELL-00001_20170421150000.parquet,0,1,0,0,0
4/WELL-00001_20170421170000.parquet,0,1,0,0,0
4/WELL-00001_20170421190000.parquet,0,1,0,0,0
4/WELL-00001_20170421210000.parquet,0,1,0,0,0
4/WELL-00001_20170421230000.parquet,0,1,0,0,0
4/WELL-00001_20170422010000.parquet,0,0,0,1,0
4/WELL-00001_20170626050000.parquet,0,0,0,0,1
4/WELL-00001_20170626070000.parquet,0,0,0,0,1
4/WELL-00002_20131208220000.parquet,1,0,0,0,0
4/WELL-00002_20131209000000.parquet,0,0,0,0,1
4/WELL-00002_20131209020000.parquet,0,0,0,0,1
4/WELL-00002_20131209040000.parquet,0,0,0,0,1
4/WELL-00002_20131209060000.parquet,0,0,0,0,1
4/WELL-00002_20131209080000.parquet,0,0,0,0,1
4/WELL-00002_20131209100000.parquet,0,0,0,0,1
4/WELL-00002_20131209120000.parquet,0,0,0,0,1
4/WELL-00002_20131212080000.parquet,0,0,0,1,0
4/WELL-00002_20131212100000.parquet,0,0,0,1,0
4/WELL-00002_20131214210010.parquet,1,0,0,0,0
4/WELL-00002_20131214230010.parquet,1,0,0,0,0
4/WELL-00002_20131215010010.parquet,0,0,1,0,0
4/WELL-00002_20131215030036.parquet,0,0,1,0,0
4/WELL-00002_20131215050030.parquet,0,0,1,0,0
4/WELL-00002_20131215070015.parquet,0,0,1,0,0
4/WELL-00002_20131215090025.parquet,0,0,1,0,0
4/WELL-00002_20131215110025.parquet,0,0,1,0,0
4/WELL-00002_20131215130036.parquet,0,0,1,0,0
4/WELL-00002_20131215150122.parquet,0,0,1,0,0
4/WELL-00002_20131215170101.parquet,0,0,1,0,0
4/WELL-00002_20131215190132.parquet,0,0,1,0,0
4/WELL-00002_20131215210107.parquet,0,0,1,0,0
4/WELL-00002_20140109000112.parquet,0,0,1,0,0
4/WELL-00002_20140109020025.parquet,0,0,1,0,0
4/WELL-00002_20140109040025.parquet,0,0,1,0,0
4/WELL-00002_20140109140010.parquet,0,0,1,0,0
4/WELL-00002_20140109160010.parquet,0,0,1,0,0
4/WELL-00002_20140115150010.parquet,1,0,0,0,0
4/WELL-00002_20140115170036.parquet,1,0,0,0,0
4/WELL-00002_20140118230030.parquet,0,1,0,0,0
4/WELL-00002_20140119010020.parquet,0,1,0,0,0
4/WELL-00002_20140119030025.parquet,0,1,0,0,0
4/WELL-00002_20140119050010.parquet,0,1,0,0,0
4/WELL-00002_20140119070138.parquet,0,1,0,0,0
4/WELL-00002_20140119090112.parquet,0,1,0,0,0
4/WELL-00002_20140119110010.parquet,0,1,0,0,0
4/WELL-00002_20140119130010.parquet,0,1,0,0,0
4/WELL-00002_20140119150112.parquet,0,1,0,0,0
4/WELL-00002_20140119170015.parquet,0,1,0,0,0
4/WELL-00002_20140119190132.parquet,0,1,0,0,0
4/WELL-00002_20140119210015.parquet,0,1,0,0,0
4/WELL-00002_20140119230030.parquet,0,1,0,0,0
4/WELL-00002_20140120010025.parquet,0,1,0,0,0
4/WELL-00002_20140120030132.parquet,0,1,0,0,0
4/WELL-00002_20140120050203.parquet,0,1,0,0,0
4/WELL-00002_20140120070122.parquet,0,1,0,0,0
4/WELL-00002_20140120090010.parquet,0,1,0,0,0
4/WELL-00002_20140120110234.parquet,0,1,0,0,0
4/WELL-00002_20140120130224.parquet,0,1,0,0,0
4/WELL-00002_20140120150112.parquet,0,1,0,0,0
4/WELL-00002_20140120170010.parquet,0,1,0,0,0
4/WELL-00002_20140120190122.parquet,0,1,0,0,0
4/WELL-00002_20140120210036.parquet,0,1,0,0,0
4/WELL-00002_20140120230224.parquet,0,1,0,0,0
4/WELL-00002_20140121010056.parquet,1,0,0,0,0
4/WELL-00002_20140121030030.parquet,1,0,0,0,0
4/WELL-00002_20140121050010.parquet,1,0,0,0,0
4/WELL-00002_20140121070214.parquet,1,0,0,0,0
4/WELL-00002_20140121090056.parquet,1,0,0,0,0
4/WELL-00002_20140121110117.parquet,1,0,0,0,0
4/WELL-00002_20140121130132.parquet,1,0,0,0,0
4/WELL-00002_20140121150025.parquet,1,0,0,0,0
4/WELL-00002_20140121170219.parquet,1,0,0,0,0
4/WELL-00002_20140121190234.parquet,1,0,0,0,0
4/WELL-00002_20140121210041.parquet,1,0,0,0,0
4/WELL-00002_20140121230117.parquet,1,0,0,0,0
4/WELL-00002_20140122010051.parquet,1,0,0,0,0
4/WELL-00002_20140122030046.parquet,1,0,0,0,0
4/WELL-00002_20140122050010.parquet,1,0,0,0,0
4/WELL-00002_20140122070127.parquet,1,0,0,0,0
4/WELL-00002_20140122090112.parquet,1,0,0,0,0
4/WELL-00002_20140122110030.parquet,1,0,0,0,0
4/WELL-00002_20140122130015.parquet,1,0,0,0,0
4/WELL-00002_20140122150127.parquet,1,0,0,0,0
4/WELL-00002_20140122170112.parquet,1,0,0,0,0
4/WELL-00002_20140122190127.parquet,1,0,0,0,0
4/WELL-00002_20140122210153.parquet,1,0,0,0,0
4/WELL-00002_20140122230051.parquet,1,0,0,0,0
4/WELL-00002_20140123010219.parquet,0,0,0,1,0
4/WELL-00002_20140123030132.parquet,0,0,0,1,0
4/WELL-00002_20140123050030.parquet,0,0,0,1,0
4/WELL-00002_20140123070010.parquet,0,0,0,1,0
4/WELL-00002_20140124050010.parquet,0,0,0,1,0
4/WELL-00002_20140124070020.parquet,0,0,0,1,0
4/WELL-00002_20140124090054.parquet,0,0,0,1,0
4/WELL-00002_20140124110131.parquet,0,0,0,1,0
4/WELL-00002_20140124130041.parquet,0,0,0,1,0
4/WELL-00002_20140124150018.parquet,0,0,0,1,0
4/WELL-00002_20140124170136.parquet,0,0,0,1,0
4/WELL-00002_20140124190008.parquet,0,0,0,1,0
4/WELL-00002_20140124210029.parquet,0,0,0,1,0
4/WELL-00002_20140124230055.parquet,0,0,0,1,0
4/WELL-00002_20140125010016.parquet,0,0,0,0,1
4/WELL-00002_20140125030033.parquet,0,0,0,0,1
4/WELL-00002_20140125050245.parquet,0,0,0,0,1
4/WELL-00002_20140125070141.parquet,0,0,0,0,1
4/WELL-00002_20140125090025.parquet,0,0,0,0,1
4/WELL-00002_20140125110016.parquet,0,0,0,0,1
4/WELL-00002_20140125130107.parquet,0,0,0,0,1
4/WELL-00002_20140125150112.parquet,0,0,0,0,1
4/WELL-00002_20140125170107.parquet,0,0,0,0,1
4/WELL-00002_20140125190016.parquet,0,0,0,0,1
4/WELL-00002_20140125210046.parquet,0,0,0,0,1
4/WELL-00002_20140125230059.parquet,0,0,0,0,1
4/WELL-00002_20140126010016.parquet,0,0,0,1,0
4/WELL-00002_20140126030133.parquet,0,0,0,1,0
4/WELL-00002_20140126050141.parquet,0,0,0,1,0
4/WELL-00002_20140126070146.parquet,0,0,0,1,0
4/WELL-00002_20140126090141.parquet,0,0,0,1,0
4/WELL-00002_20140126110241.parquet,0,0,0,1,0
4/WELL-00002_20140126130124.parquet,0,0,0,1,0
4/WELL-00004_20140804190012.parquet,0,0,1,0,0
4/WELL-00004_20140804210008.parquet,0,0,1,0,0
4/WELL-00004_20140804230059.parquet,0,0,1,0,0
4/WELL-00004_20140805010033.parquet,0,1,0,0,0
4/WELL-00004_20140805030025.parquet,0,1,0,0,0
4/WELL-00004_20140805050008.parquet,0,1,0,0,0
4/WELL-00004_20140805070029.parquet,0,1,0,0,0
4/WELL-00004_20140805090050.parquet,0,1,0,0,0
4/WELL-00004_20140805110107.parquet,0,1,0,0,0
4/WELL-00004_20140805130016.parquet,0,1,0,0,0
4/WELL-00004_20140805150150.parquet,0,1,0,0,0
4/WELL-00004_20140805170137.parquet,0,1,0,0,0
4/WELL-00004_20140805190046.parquet,0,1,0,0,0
4/WELL-00004_20140805210116.parquet,0,1,0,0,0
4/WELL-00004_20140805230050.parquet,0,1,0,0,0
4/WELL-00004_20140806010107.parquet,0,0,1,0,0
4/WELL-00004_20140806030012.parquet,0,0,1,0,0
4/WELL-00004_20140806050141.parquet,0,0,1,0,0
4/WELL-00004_20140806070215.parquet,0,0,1,0,0
4/WELL-00004_20140806090103.parquet,0,0,1,0,0
4/WELL-00004_20140806110038.parquet,0,0,1,0,0
4/WELL-00004_20140806130050.parquet,0,0,1,0,0
4/WELL-00004_20140806150154.parquet,0,0,1,0,0
4/WELL-00004_20140806170008.parquet,0,0,1,0,0
4/WELL-00004_20140806190021.parquet,0,0,1,0,0
4/WELL-00004_20141117100021.parquet,0,0,0,0,1
4/WELL-00004_20141117120029.parquet,0,0,0,0,1
4/WELL-00004_20141117140055.parquet,0,0,0,0,1
4/WELL-00004_20141117160116.parquet,0,0,0,0,1
4/WELL-00004_20141117180021.parquet,0,0,0,0,1
4/WELL-00004_20141117200021.parquet,0,0,0,0,1
4/WELL-00004_20141117220046.parquet,0,0,0,0,1
4/WELL-00004_20141118000042.parquet,0,0,0,0,1
4/WELL-00004_20141118020016.parquet,0,0,0,0,1
4/WELL-00004_20141118040012.parquet,0,0,0,0,1
4/WELL-00004_20141118060038.parquet,0,0,0,0,1
4/WELL-00004_20141118080038.parquet,0,0,0,0,1
4/WELL-00004_20141118100025.parquet,0,0,0,0,1
4/WELL-00004_20141118120050.parquet,0,0,0,0,1
4/WELL-00004_20141118140107.parquet,0,0,0,0,1
4/WELL-00004_20141118160016.parquet,0,0,0,0,1
4/WELL-00004_20141118180124.parquet,0,0,0,0,1
4/WELL-00004_20141118200016.parquet,0,0,0,0,1
4/WELL-00005_20170616010033.parquet,0,0,1,0,0
4/WELL-00005_20170624010016.parquet,1,0,0,0,0
4/WELL-00005_20170624030025.parquet,1,0,0,0,0
4/WELL-00005_20170624050038.parquet,1,0,0,0,0
4/WELL-00005_20170624070158.parquet,1,0,0,0,0
4/WELL-00005_20170624090042.parquet,1,0,0,0,0
4/WELL-00005_20170624150124.parquet,1,0,0,0,0
4/WELL-00005_20170624170016.parquet,1,0,0,0,0
4/WELL-00005_20170624190107.parquet,1,0,0,0,0
4/WELL-00005_20170624210033.parquet,1,0,0,0,0
4/WELL-00005_20170624230038.parquet,1,0,0,0,0
4/WELL-00005_20170625010059.parquet,1,0,0,0,0
4/WELL-00005_20170625030228.parquet,1,0,0,0,0
4/WELL-00005_20170625050103.parquet,1,0,0,0,0
4/WELL-00005_20170625083000.parquet,1,0,0,0,0
4/WELL-00005_20170625103000.parquet,1,0,0,0,0
4/WELL-00005_20170625123000.parquet,1,0,0,0,0
4/WELL-00005_20170626040116.parquet,0,0,0,0,1
4/WELL-00005_20170626060033.parquet,0,0,0,0,1
4/WELL-00005_20170626080055.parquet,0,0,0,0,1
4/WELL-00005_20170626100038.parquet,0,0,0,0,1
4/WELL-00005_20170626120016.parquet,0,0,0,0,1
4/WELL-00005_20170626140141.parquet,0,0,0,0,1
4/WELL-00005_20170626160050.parquet,0,0,0,0,1
4/WELL-00005_20170626180016.parquet,0,0,0,0,1
4/WELL-00005_20170626200059.parquet,0,0,0,0,1
4/WELL-00005_20170626220232.parquet,0,0,0,0,1
4/WELL-00005_20170627000154.parquet,0,0,0,1,0
4/WELL-00005_20170627020207.parquet,0,0,0,1,0
4/WELL-00005_20170627040046.parquet,0,0,0,1,0
4/WELL-00005_20170627060050.parquet,0,0,0,1,0
4/WELL-00005_20170627080025.parquet,0,0,0,1,0
4/WELL-00005_20170627100055.parquet,0,0,0,1,0
4/WELL-00005_20170627120016.parquet,0,0,0,1,0
4/WELL-00005_20170627140050.parquet,0,0,0,1,0
4/WELL-00005_20170627160112.parquet,0,0,0,1,0
4/WELL-00005_20170627180112.parquet,0,0,0,1,0
4/WELL-00005_20170627200038.parquet,0,0,0,1,0
4/WELL-00007_20170517200012.parquet,0,0,0,0,1
4/WELL-00007_20170517220025.parquet,0,0,0,0,1
4/WELL-00007_20170518000012.parquet,0,0,1,0,0
4/WELL-00007_20170518020016.parquet,0,0,1,0,0
4/WELL-00007_20170518040016.parquet,0,0,1,0,0
4/WELL-00007_20170518060124.parquet,0,0,1,0,0
4/WELL-00007_20170518080021.parquet,0,0,1,0,0
4/WELL-00007_20170518100129.parquet,0,0,1,0,0
4/WELL-00007_20170518120103.parquet,0,0,1,0,0
4/WELL-00007_20170518140021.parquet,0,0,1,0,0
4/WELL-00010_20180416070150.parquet,0,1,0,0,0
4/WELL-00010_20180416090133.parquet,0,1,0,0,0
4/WELL-00010_20180416110120.parquet,0,1,0,0,0
4/WELL-00010_20180416130038.parquet,0,1,0,0,0
4/WELL-00010_20180416150107.parquet,0,1,0,0,0
4/WELL-00010_20180416170029.parquet,0,1,0,0,0
4/WELL-00010_20180416190008.parquet,0,1,0,0,0
4/WELL-00010_20180416210141.parquet,0,1,0,0,0
4/WELL-00010_20180416230055.parquet,0,1,0,0,0
4/WELL-00010_20180417010107.parquet,0,1,0,0,0
4/WELL-00010_20180417030033.parquet,0,1,0,0,0
4/WELL-00010_20180417050046.parquet,0,1,0,0,0
4/WELL-00010_20180422170012.parquet,1,0,0,0,0
4/WELL-00010_20180422190158.parquet,1,0,0,0,0
4/WELL-00010_20180422210038.parquet,1,0,0,0,0
4/WELL-00010_20180422230029.parquet,1,0,0,0,0
4/WELL-00010_20180423010129.parquet,0,0,1,0,0
4/WELL-00010_20180423030021.parquet,0,0,1,0,0
4/WELL-00010_20180423050353.parquet,0,0,1,0,0
4/WELL-00010_20180423070107.parquet,0,0,1,0,0
4/WELL-00010_20180423090050.parquet,0,0,1,0,0
4/WELL-00010_20180423110112.parquet,0,0,1,0,0
4/WELL-00010_20180423130025.parquet,0,0,1,0,0
4/WELL-00010_20180423150129.parquet,0,0,1,0,0
4/WELL-00010_20180423170042.parquet,0,0,1,0,0
4/WELL-00010_20180423190021.parquet,0,0,1,0,0
4/WELL-00010_20180423210016.parquet,0,0,1,0,0
4/WELL-00010_20180423230033.parquet,0,0,1,0,0
4/WELL-00010_20180424010059.parquet,0,0,0,1,0
4/WELL-00010_20180424030012.parquet,0,0,0,1,0
4/WELL-00010_20180424050029.parquet,0,0,0,1,0
4/WELL-00010_20180424070107.parquet,0,0,0,1,0
4/WELL-00010_20180424090046.parquet,0,0,0,1,0
4/WELL-00010_20180424110050.parquet,0,0,0,1,0
4/WELL-00010_20180424130033.parquet,0,0,0,1,0
4/WELL-00010_20180424150129.parquet,0,0,0,1,0
4/WELL-00010_20180424170033.parquet,0,0,0,1,0
4/WELL-00010_20180424190133.parquet,0,0,0,1,0
4/WELL-00010_20180424210211.parquet,0,0,0,1,0
4/WELL-00010_20180424230232.parquet,0,0,0,1,0
4/WELL-00010_20180425010050.parquet,0,0,1,0,0
4/WELL-00010_20180425030224.parquet,0,0,1,0,0
4/WELL-00010_20180425050158.parquet,0,0,1,0,0
4/WELL-00010_20180425070141.parquet,0,0,1,0,0
4/WELL-00010_20180425090033.parquet,0,0,1,0,0
4/WELL-00010_20180425110029.parquet,0,0,1,0,0
4/WELL-00010_20180425130016.parquet,0,0,1,0,0
4/WELL-00010_20180425150107.parquet,0,0,1,0,0
4/WELL-00010_20180425170046.parquet,0,0,1,0,0
4/WELL-00010_20180425190116.parquet,0,0,1,0,0
4/WELL-00010_20180425210046.parquet,0,0,1,0,0
4/WELL-00010_20180425230124.parquet,0,0,1,0,0
4/WELL-00010_20180426010124.parquet,1,0,0,0,0
4/WELL-00010_20180426030033.parquet,1,0,0,0,0
4/WELL-00010_20180426050029.parquet,1,0,0,0,0
4/WELL-00010_20180426070025.parquet,1,0,0,0,0
4/WELL-00010_20180426090042.parquet,1,0,0,0,0
4/WELL-00010_20180426110107.parquet,1,0,0,0,0
4/WELL-00010_20180426130141.parquet,1,0,0,0,0
4/WELL-00010_20180426150008.parquet,1,0,0,0,0
4/WELL-00010_20180426170103.parquet,1,0,0,0,0
4/WELL-00010_20180426190107.parquet,1,0,0,0,0
4/WELL-00010_20180426210116.parquet,1,0,0,0,0
4/WELL-00010_20180426230008.parquet,1,0,0,0,0
4/WELL-00010_20180427010029.parquet,0,0,0,1,0
4/WELL-00010_20180427030025.parquet,0,0,0,1,0
4/WELL-00010_20180427050042.parquet,0,0,0,1,0
4/WELL-00010_20180427070107.parquet,0,0,0,1,0
4/WELL-00010_20180427090107.parquet,0,0,0,1,0
4/WELL-00010_20180427110016.parquet,0,0,0,1,0
4/WELL-00010_20180427130112.parquet,0,0,0,1,0
4/WELL-00010_20180427150025.parquet,0,0,0,1,0
4/WELL-00010_20180427170042.parquet,0,0,0,1,0
4/WELL-00010_20180427190340.parquet,0,0,0,1,0
4/WELL-00010_20180427210055.parquet,0,0,0,1,0
4/WELL-00010_20180427230016.parquet,0,0,0,1,0
4/WELL-00010_20180428010211.parquet,0,1,0,0,0
4/WELL-00010_20180428030137.parquet,0,1,0,0,0
4/WELL-00010_20180428050033.parquet,0,1,0,0,0
4/WELL-00010_20180428070033.parquet,0,1,0,0,0
4/WELL-00010_20180428090116.parquet,0,1,0,0,0
4/WELL-00010_20180428110207.parquet,0,1,0,0,0
4/WELL-00010_20180428130249.parquet,0,1,0,0,0
4/WELL-00014_20170915080021.parquet,1,0,0,0,0
4/WELL-00014_20170915100033.parquet,1,0,0,0,0
4/WELL-00014_20170915120107.parquet,1,0,0,0,0
4/WELL-00014_20170915140059.parquet,1,0,0,0,0
4/WELL-00014_20170915160012.parquet,1,0,0,0,0
4/WELL-00014_20170915180050.parquet,1,0,0,0,0
4/WELL-00014_20170915200116.parquet,1,0,0,0,0
4/WELL-00014_20170916170016.parquet,0,0,0,0,1
4/WELL-00014_20170916190112.parquet,0,0,0,0,1
4/WELL-00014_20170916210059.parquet,0,0,0,0,1
4/WELL-00014_20170916230042.parquet,0,0,0,0,1
4/WELL-00014_20170917010012.parquet,0,0,1,0,0
4/WELL-00014_20170917030228.parquet,0,0,1,0,0
4/WELL-00014_20170917050111.parquet,0,0,1,0,0
4/WELL-00014_20170917070112.parquet,0,0,1,0,0
4/WELL-00014_20170917090055.parquet,0,0,1,0,0
4/WELL-00014_20170917110016.parquet,0,0,1,0,0
4/WELL-00014_20170923150033.parquet,0,0,0,1,0
4/WELL-00014_20170923170059.parquet,0,0,0,1,0
4/WELL-00014_20170923190120.parquet,0,0,0,1,0
4/WELL-00014_20170924160050.parquet,0,0,0,0,1
5/SIMULATED_00001.parquet,0,1,0,0,0
5/SIMULATED_00002.parquet,0,0,1,0,0
5/SIMULATED_00003.parquet,0,0,0,1,0
5/SIMULATED_00004.parquet,1,0,0,0,0
5/SIMULATED_00005.parquet,0,0,0,0,1
5/SIMULATED_00006.parquet,0,1,0,0,0
5/SIMULATED_00007.parquet,1,0,0,0,0
5/SIMULATED_00008.parquet,0,0,0,0,1
5/SIMULATED_00009.parquet,1,0,0,0,0
5/SIMULATED_00010.parquet,0,0,1,0,0
5/SIMULATED_00011.parquet,0,1,0,0,0
5/SIMULATED_00012.parquet,0,1,0,0,0
5/SIMULATED_00013.parquet,0,0,0,0,1
5/SIMULATED_00014.parquet,0,1,0,0,0
5/SIMULATED_00015.parquet,0,0,0,0,1
5/SIMULATED_00016.parquet,0,0,1,0,0
5/SIMULATED_00017.parquet,0,0,1,0,0
5/SIMULATED_00018.parquet,1,0,0,0,0
5/SIMULATED_00019.parquet,0,0,0,0,1
5/SIMULATED_00020.parquet,0,0,1,0,0
5/SIMULATED_00021.parquet,0,0,1,0,0
5/SIMULATED_00022.parquet,0,0,0,0,1
5/SIMULATED_00023.parquet,0,1,0,0,0
5/SIMULATED_00024.parquet,0,0,1,0,0
5/SIMULATED_00025.parquet,0,1,0,0,0
5/SIMULATED_00026.parquet,0,0,0,1,0
5/SIMULATED_00027.parquet,0,0,0,1,0
5/SIMULATED_00028.parquet,1,0,0,0,0
5/SIMULATED_00029.parquet,0,0,0,1,0
5/SIMULATED_00030.parquet,0,0,0,1,0
5/SIMULATED_00031.parquet,0,0,1,0,0
5/SIMULATED_00032.parquet,0,0,0,1,0
5/SIMULATED_00033.parquet,0,0,0,1,0
5/SIMULATED_00034.parquet,0,0,1,0,0
5/SIMULATED_00035.parquet,0,0,0,0,1
5/SIMULATED_00036.parquet,1,0,0,0,0
5/SIMULATED_00037.parquet,0,0,0,1,0
5/SIMULATED_00038.parquet,0,1,0,0,0
5/SIMULATED_00039.parquet,1,0,0,0,0
5/SIMULATED_00040.parquet,0,0,0,1,0
5/SIMULATED_00041.parquet,1,0,0,0,0
5/SIMULATED_00042.parquet,0,1,0,0,0
5/SIMULATED_00043.parquet,0,0,0,0,1
5/SIMULATED_00044.parquet,0,0,0,0,1
5/SIMULATED_00045.parquet,0,0,1,0,0
5/SIMULATED_00046.parquet,1,0,0,0,0
5/SIMULATED_00047.parquet,0,0,0,0,1
5/SIMULATED_00048.parquet,0,0,1,0,0
5/SIMULATED_00049.parquet,1,0,0,0,0
5/SIMULATED_00050.parquet,0,0,1,0,0
5/SIMULATED_00051.parquet,0,1,0,0,0
5/SIMULATED_00052.parquet,1,0,0,0,0
5/SIMULATED_00053.parquet,0,0,0,0,1
5/SIMULATED_00054.parquet,0,0,1,0,0
5/SIMULATED_00055.parquet,1,0,0,0,0
5/SIMULATED_00056.parquet,0,0,0,1,0
5/SIMULATED_00057.parquet,0,0,0,0,1
5/SIMULATED_00058.parquet,0,0,0,0,1
5/SIMULATED_00059.parquet,0,1,0,0,0
5/SIMULATED_00060.parquet,0,1,0,0,0
5/SIMULATED_00061.parquet,0,0,1,0,0
5/SIMULATED_00062.parquet,0,0,0,1,0
5/SIMULATED_00063.parquet,0,0,0,1,0
5/SIMULATED_00064.parquet,1,0,0,0,0
5/SIMULATED_00065.parquet,0,0,1,0,0
5/SIMULATED_00066.parquet,1,0,0,0,0
5/SIMULATED_00067.parquet,1,0,0,0,0
5/SIMULATED_00068.parquet,1,0,0,0,0
5/SIMULATED_00069.parquet,0,1,0,0,0
5/SIMULATED_00070.parquet,0,0,0,1,0
5/SIMULATED_00071.parquet,0,1,0,0,0
5/SIMULATED_00072.parquet,1,0,0,0,0
5/SIMULATED_00073.parquet,0,0,0,1,0
5/SIMULATED_00074.parquet,0,0,1,0,0
5/SIMULATED_00075.parquet,0,0,0,1,0
5/SIMULATED_00076.parquet,0,1,0,0,0
5/SIMULATED_00077.parquet,0,0,1,0,0
5/SIMULATED_00078.parquet,0,1,0,0,0
5/SIMULATED_00079.parquet,1,0,0,0,0
5/SIMULATED_00080.parquet,0,0,0,1,0
5/SIMULATED_00081.parquet,1,0,0,0,0
5/SIMULATED_00082.parquet,0,0,1,0,0
5/SIMULATED_00083.parquet,0,0,0,1,0
5/SIMULATED_00084.parquet,1,0,0,0,0
5/SIMULATED_00085.parquet,0,0,0,0,1
5/SIMULATED_00086.parquet,1,0,0,0,0
5/SIMULATED_00087.parquet,1,0,0,0,0
5/SIMULATED_00088.parquet,0,0,0,1,0
5/SIMULATED_00089.parquet,0,0,0,0,1
5/SIMULATED_00090.parquet,0,0,1,0,0
5/SIMULATED_00091.parquet,1,0,0,0,0
5/SIMULATED_00092.parquet,0,0,1,0,0
5/SIMULATED_00093.parquet,0,0,0,1,0
5/SIMULATED_00094.parquet,0,0,0,0,1
5/SIMULATED_00095.parquet,0,0,0,0,1
5/SIMULATED_00096.parquet,1,0,0,0,0
5/SIMULATED_00097.parquet,0,1,0,0,0
5/SIMULATED_00098.parquet,0,1,0,0,0
5/SIMULATED_00099.parquet,0,0,0,0,1
5/SIMULATED_00100.parquet,1,0,0,0,0
5/SIMULATED_00101.parquet,0,0,0,0,1
5/SIMULATED_00102.parquet,0,0,1,0,0
5/SIMULATED_00103.parquet,0,0,1,0,0
5/SIMULATED_00104.parquet,0,0,0,1,0
5/SIMULATED_00105.parquet,0,1,0,0,0
5/SIMULATED_00106.parquet,1,0,0,0,0
5/SIMULATED_00107.parquet,0,0,0,0,1
5/SIMULATED_00108.parquet,0,0,0,0,1
5/SIMULATED_00109.parquet,0,0,0,1,0
5/SIMULATED_00110.parquet,0,0,0,0,1
5/SIMULATED_00111.parquet,0,1,0,0,0
5/SIMULATED_00112.parquet,0,0,1,0,0
5/SIMULATED_00113.parquet,1,0,0,0,0
5/SIMULATED_00114.parquet,0,1,0,0,0
5/SIMULATED_00115.parquet,0,0,0,0,1
5/SIMULATED_00116.parquet,0,0,0,0,1
5/SIMULATED_00117.parquet,1,0,0,0,0
5/SIMULATED_00118.parquet,0,1,0,0,0
5/SIMULATED_00119.parquet,0,0,0,1,0
5/SIMULATED_00120.parquet,0,0,0,0,1
5/SIMULATED_00121.parquet,0,0,0,0,1
5/SIMULATED_00122.parquet,0,0,0,1,0
5/SIMULATED_00123.parquet,0,0,0,0,1
5/SIMULATED_00124.parquet,0,1,0,0,0
5/SIMULATED_00125.parquet,1,0,0,0,0
5/SIMULATED_00126.parquet,0,0,0,1,0
5/SIMULATED_00127.parquet,0,0,0,1,0
5/SIMULATED_00128.parquet,1,0,0,0,0
5/SIMULATED_00129.parquet,0,0,1,0,0
5/SIMULATED_00130.parquet,1,0,0,0,0
5/SIMULATED_00131.parquet,0,0,0,1,0
5/SIMULATED_00132.parquet,1,0,0,0,0
5/SIMULATED_00133.parquet,0,1,0,0,0
5/SIMULATED_00134.parquet,1,0,0,0,0
5/SIMULATED_00135.parquet,0,1,0,0,0
5/SIMULATED_00136.parquet,0,0,0,1,0
5/SIMULATED_00137.parquet,0,0,0,1,0
5/SIMULATED_00138.parquet,1,0,0,0,0
5/SIMULATED_00139.parquet,0,0,0,0,1
5/SIMULATED_00140.parquet,0,0,0,1,0
5/SIMULATED_00141.parquet,0,1,0,0,0
5/SIMULATED_00142.parquet,0,0,0,0,1
5/SIMULATED_00143.parquet,1,0,0,0,0
5/SIMULATED_00144.parquet,0,0,1,0,0
5/SIMULATED_00145.parquet,0,0,1,0,0
5/SIMULATED_00146.parquet,0,0,1,0,0
5/SIMULATED_00147.parquet,1,0,0,0,0
5/SIMULATED_00148.parquet,1,0,0,0,0
5/SIMULATED_00149.parquet,1,0,0,0,0
5/SIMULATED_00150.parquet,0,0,1,0,0
5/SIMULATED_00151.parquet,0,1,0,0,0
5/SIMULATED_00152.parquet,0,0,0,0,1
5/SIMULATED_00153.parquet,0,0,1,0,0
5/SIMULATED_00154.parquet,0,0,0,0,1
5/SIMULATED_00155.parquet,1,0,0,0,0
5/SIMULATED_00156.parquet,1,0,0,0,0
5/SIMULATED_00157.parquet,1,0,0,0,0
5/SIMULATED_00158.parquet,0,0,0,0,1
5/SIMULATED_00159.parquet,0,0,0,1,0
5/SIMULATED_00160.parquet,0,0,0,1,0
5/SIMULATED_00161.parquet,0,1,0,0,0
5/SIMULATED_00162.parquet,0,1,0,0,0
5/SIMULATED_00163.parquet,0,0,0,1,0
5/SIMULATED_00164.parquet,0,1,0,0,0
5/SIMULATED_00165.parquet,0,0,1,0,0
5/SIMULATED_00166.parquet,0,0,0,0,1
5/SIMULATED_00167.parquet,0,0,1,0,0
5/SIMULATED_00168.parquet,0,0,0,1,0
5/SIMULATED_00169.parquet,0,0,1,0,0
5/SIMULATED_00170.parquet,0,0,1,0,0
5/SIMULATED_00171.parquet,0,1,0,0,0
5/SIMULATED_00172.parquet,0,1,0,0,0
5/SIMULATED_00173.parquet,1,0,0,0,0
5/SIMULATED_00174.parquet,0,0,1,0,0
5/SIMULATED_00175.parquet,0,0,0,0,1
5/SIMULATED_00176.parquet,0,0,0,1,0
5/SIMULATED_00177.parquet,0,0,0,0,1
5/SIMULATED_00178.parquet,0,0,0,1,0
5/SIMULATED_00179.parquet,0,0,0,1,0
5/SIMULATED_00180.parquet,0,0,1,0,0
5/SIMULATED_00181.parquet,0,0,1,0,0
5/SIMULATED_00182.parquet,0,0,0,1,0
5/SIMULATED_00183.parquet,0,0,0,0,1
5/SIMULATED_00184.parquet,0,0,1,0,0
5/SIMULATED_00185.parquet,0,0,0,1,0
5/SIMULATED_00186.parquet,0,0,0,0,1
5/SIMULATED_00187.parquet,0,0,1,0,0
5/SIMULATED_00188.parquet,0,0,0,1,0
5/SIMULATED_00189.parquet,0,0,0,1,0
5/SIMULATED_00190.parquet,0,0,1,0,0
5/SIMULATED_00191.parquet,1,0,0,0,0
5/SIMULATED_00192.parquet,0,0,0,1,0
5/SIMULATED_00193.parquet,0,0,0,0,1
5/SIMULATED_00194.parquet,0,0,0,0,1
5/SIMULATED_00195.parquet,0,0,0,1,0
5/SIMULATED_00196.parquet,0,1,0,0,0
5/SIMULATED_00197.parquet,0,0,0,1,0
5/SIMULATED_00198.parquet,0,1,0,0,0
5/SIMULATED_00199.parquet,0,0,1,0,0
5/SIMULATED_00200.parquet,0,0,0,0,1
5/SIMULATED_00201.parquet,0,0,0,1,0
5/SIMULATED_00202.parquet,0,0,1,0,0
5/SIMULATED_00203.parquet,0,1,0,0,0
5/SIMULATED_00204.parquet,1,0,0,0,0
5/SIMULATED_00205.parquet,1,0,0,0,0
5/SIMULATED_00206.parquet,1,0,0,0,0
5/SIMULATED_00207.parquet,1,0,0,0,0
5/SIMULATED_00208.parquet,0,0,1,0,0
5/SIMULATED_00209.parquet,0,0,0,0,1
5/SIMULATED_00210.parquet,0,1,0,0,0
5/SIMULATED_00211.parquet,0,0,0,0,1
5/SIMULATED_00212.parquet,0,0,1,0,0
5/SIMULATED_00213.parquet,0,0,0,0,1
5/SIMULATED_00214.parquet,0,0,1,0,0
5/SIMULATED_00215.parquet,0,0,0,0,1
5/SIMULATED_00216.parquet,1,0,0,0,0
5/SIMULATED_00217.parquet,0,1,0,0,0
5/SIMULATED_00218.parquet,0,0,1,0,0
5/SIMULATED_00219.parquet,0,1,0,0,0
5/SIMULATED_00220.parquet,1,0,0,0,0
5/SIMULATED_00221.parquet,0,0,1,0,0
5/SIMULATED_00222.parquet,0,0,0,1,0
5/SIMULATED_00223.parquet,1,0,0,0,0
5/SIMULATED_00224.parquet,0,1,0,0,0
5/SIMULATED_00225.parquet,1,0,0,0,0
5/SIMULATED_00226.parquet,0,0,0,1,0
5/SIMULATED_00227.parquet,0,0,1,0,0
5/SIMULATED_00228.parquet,1,0,0,0,0
5/SIMULATED_00229.parquet,0,0,0,1,0
5/SIMULATED_00230.parquet,0,0,0,0,1
5/SIMULATED_00231.parquet,0,0,0,0,1
5/SIMULATED_00232.parquet,0,0,0,0,1
5/SIMULATED_00233.parquet,0,0,0,0,1
5/SIMULATED_00234.parquet,0,0,1,0,0
5/SIMULATED_00235.parquet,0,0,1,0,0
5/SIMULATED_00236.parquet,0,0,0,1,0
5/SIMULATED_00237.parquet,1,0,0,0,0
5/SIMULATED_00238.parquet,0,0,1,0,0
5/SIMULATED_00239.parquet,0,0,0,1,0
5/SIMULATED_00240.parquet,0,0,0,0,1
5/SIMULATED_00241.parquet,0,0,0,0,1
5/SIMULATED_00242.parquet,0,0,0,0,1
5/SIMULATED_00243.parquet,1,0,0,0,0
5/SIMULATED_00244.parquet,1,0,0,0,0
5/SIMULATED_00245.parquet,0,0,1,0,0
5/SIMULATED_00246.parquet,0,0,0,1,0
5/SIMULATED_00247.parquet,0,1,0,0,0
5/SIMULATED_00248.parquet,1,0,0,0,0
5/SIMULATED_00249.parquet,0,1,0,0,0
5/SIMULATED_00250.parquet,0,0,0,1,0
5/SIMULATED_00251.parquet,0,0,1,0,0
5/SIMULATED_00252.parquet,0,0,1,0,0
5/SIMULATED_00253.parquet,1,0,0,0,0
5/SIMULATED_00254.parquet,0,1,0,0,0
5/SIMULATED_00255.parquet,0,1,0,0,0
5/SIMULATED_00256.parquet,0,0,0,1,0
5/SIMULATED_00257.parquet,0,1,0,0,0
5/SIMULATED_00258.parquet,0,1,0,0,0
5/SIMULATED_00259.parquet,0,0,0,0,1
5/SIMULATED_00260.parquet,0,1,0,0,0
5/SIMULATED_00261.parquet,0,0,0,1,0
5/SIMULATED_00262.parquet,0,0,1,0,0
5/SIMULATED_00263.parquet,0,1,0,0,0
5/SIMULATED_00264.parquet,0,0,0,0,1
5/SIMULATED_00265.parquet,0,0,0,0,1
5/SIMULATED_00266.parquet,0,0,1,0,0
5/SIMULATED_00267.parquet,1,0,0,0,0
5/SIMULATED_00268.parquet,0,0,1,0,0
5/SIMULATED_00269.parquet,0,0,0,0,1
5/SIMULATED_00270.parquet,0,0,0,0,1
5/SIMULATED_00271.parquet,0,1,0,0,0
5/SIMULATED_00272.parquet,0,1,0,0,0
5/SIMULATED_00273.parquet,0,0,0,1,0
5/SIMULATED_00274.parquet,0,1,0,0,0
5/SIMULATED_00275.parquet,0,0,0,1,0
5/SIMULATED_00276.parquet,0,1,0,0,0
5/SIMULATED_00277.parquet,0,0,0,1,0
5/SIMULATED_00278.parquet,1,0,0,0,0
5/SIMULATED_00279.parquet,0,0,0,1,0
5/SIMULATED_00280.parquet,1,0,0,0,0
5/SIMULATED_00281.parquet,0,0,0,0,1
5/SIMULATED_00282.parquet,0,0,1,0,0
5/SIMULATED_00283.parquet,0,0,0,1,0
5/SIMULATED_00284.parquet,0,0,0,1,0
5/SIMULATED_00285.parquet,0,1,0,0,0
5/SIMULATED_00286.parquet,0,0,0,0,1
5/SIMULATED_00287.parquet,0,0,0,1,0
5/SIMULATED_00288.parquet,0,0,0,0,1
5/SIMULATED_00289.parquet,0,0,0,1,0
5/SIMULATED_00290.parquet,0,0,1,0,0
5/SIMULATED_00291.parquet,0,1,0,0,0
5/SIMULATED_00292.parquet,1,0,0,0,0
5/SIMULATED_00293.parquet,0,0,0,1,0
5/SIMULATED_00294.parquet,0,0,0,1,0
5/SIMULATED_00295.parquet,0,1,0,0,0
5/SIMULATED_00296.parquet,0,1,0,0,0
5/SIMULATED_00297.parquet,1,0,0,0,0
5/SIMULATED_00298.parquet,0,0,0,0,1
5/SIMULATED_00299.parquet,1,0,0,0,0
5/SIMULATED_00300.parquet,0,0,0,1,0
5/SIMULATED_00301.parquet,0,0,0,0,1
5/SIMULATED_00302.parquet,1,0,0,0,0
5/SIMULATED_00303.parquet,0,0,0,1,0
5/SIMULATED_00304.parquet,0,0,1,0,0
5/SIMULATED_00305.parquet,1,0,0,0,0
5/SIMULATED_00306.parquet,0,0,0,1,0
5/SIMULATED_00307.parquet,1,0,0,0,0
5/SIMULATED_00308.parquet,0,0,0,1,0
5/SIMULATED_00309.parquet,0,1,0,0,0
5/SIMULATED_00310.parquet,0,0,0,1,0
5/SIMULATED_00311.parquet,0,0,1,0,0
5/SIMULATED_00312.parquet,0,0,0,1,0
5/SIMULATED_00313.parquet,0,0,1,0,0
5/SIMULATED_00314.parquet,0,1,0,0,0
5/SIMULATED_00315.parquet,0,0,0,0,1
5/SIMULATED_00316.parquet,1,0,0,0,0
5/SIMULATED_00317.parquet,0,1,0,0,0
5/SIMULATED_00318.parquet,0,1,0,0,0
5/SIMULATED_00319.parquet,0,0,0,1,0
5/SIMULATED_00320.parquet,0,0,0,0,1
5/SIMULATED_00321.parquet,0,1,0,0,0
5/SIMULATED_00322.parquet,1,0,0,0,0
5/SIMULATED_00323.parquet,0,0,1,0,0
5/SIMULATED_00324.parquet,0,1,0,0,0
5/SIMULATED_00325.parquet,0,0,0,0,1
5/SIMULATED_00326.parquet,0,0,0,0,1
5/SIMULATED_00327.parquet,0,1,0,0,0
5/SIMULATED_00328.parquet,1,0,0,0,0
5/SIMULATED_00329.parquet,0,0,1,0,0
5/SIMULATED_00330.parquet,0,0,1,0,0
5/SIMULATED_00331.parquet,0,0,1,0,0
5/SIMULATED_00332.parquet,0,0,0,1,0
5/SIMULATED_00333.parquet,0,0,0,1,0
5/SIMULATED_00334.parquet,0,1,0,0,0
5/SIMULATED_00335.parquet,1,0,0,0,0
5/SIMULATED_00336.parquet,0,0,0,0,1
5/SIMULATED_00337.parquet,0,0,1,0,0
5/SIMULATED_00338.parquet,0,0,0,1,0
5/SIMULATED_00339.parquet,0,0,0,1,0
5/SIMULATED_00340.parquet,0,0,0,0,1
5/SIMULATED_00341.parquet,0,1,0,0,0
5/SIMULATED_00342.parquet,0,0,1,0,0
5/SIMULATED_00343.parquet,0,1,0,0,0
5/SIMULATED_00344.parquet,0,0,0,0,1
5/SIMULATED_00345.parquet,0,0,1,0,0
5/SIMULATED_00346.parquet,0,0,0,0,1
5/SIMULATED_00347.parquet,0,0,0,0,1
5/SIMULATED_00348.parquet,0,0,1,0,0
5/SIMULATED_00349.parquet,1,0,0,0,0
5/SIMULATED_00350.parquet,1,0,0,0,0
5/SIMULATED_00351.parquet,1,0,0,0,0
5/SIMULATED_00352.parquet,0,0,0,0,1
5/SIMULATED_00353.parquet,0,0,1,0,0
5/SIMULATED_00354.parquet,0,1,0,0,0
5/SIMULATED_00355.parquet,0,1,0,0,0
5/SIMULATED_00356.parquet,0,1,0,0,0
5/SIMULATED_00357.parquet,0,0,0,1,0
5/SIMULATED_00358.parquet,0,0,0,0,1
5/SIMULATED_00359.parquet,0,1,0,0,0
5/SIMULATED_00360.parquet,1,0,0,0,0
5/SIMULATED_00361.parquet,0,0,0,1,0
5/SIMULATED_00362.parquet,0,0,0,1,0
5/SIMULATED_00363.parquet,1,0,0,0,0
5/SIMULATED_00364.parquet,1,0,0,0,0
5/SIMULATED_00365.parquet,0,0,0,1,0
5/SIMULATED_00366.parquet,0,1,0,0,0
5/SIMULATED_00367.parquet,0,1,0,0,0
5/SIMULATED_00368.parquet,0,0,0,0,1
5/SIMULATED_00369.parquet,0,0,0,0,1
5/SIMULATED_00370.parquet,0,1,0,0,0
5/SIMULATED_00371.parquet,0,1,0,0,0
5/SIMULATED_00372.parquet,0,1,0,0,0
5/SIMULATED_00373.parquet,0,1,0,0,0
5/SIMULATED_00374.parquet,0,0,0,0,1
5/SIMULATED_00375.parquet,0,0,0,0,1
5/SIMULATED_00376.parquet,0,0,1,0,0
5/SIMULATED_00377.parquet,1,0,0,0,0
5/SIMULATED_00378.parquet,0,0,0,0,1
5/SIMULATED_00379.parquet,0,1,0,0,0
5/SIMULATED_00380.parquet,0,0,1,0,0
5/SIMULATED_00381.parquet,0,1,0,0,0
5/SIMULATED_00382.parquet,1,0,0,0,0
5/SIMULATED_00383.parquet,0,0,0,0,1
5/SIMULATED_00384.parquet,0,0,0,0,1
5/SIMULATED_00385.parquet,0,0,0,0,1
5/SIMULATED_00386.parquet,1,0,0,0,0
5/SIMULATED_00387.parquet,0,0,1,0,0
5/SIMULATED_00388.parquet,0,0,0,1,0
5/SIMULATED_00389.parquet,0,0,0,1,0
5/SIMULATED_00390.parquet,0,1,0,0,0
5/SIMULATED_00391.parquet,1,0,0,0,0
5/SIMULATED_00392.parquet,0,1,0,0,0
5/SIMULATED_00393.parquet,0,0,1,0,0
5/SIMULATED_00394.parquet,1,0,0,0,0
5/SIMULATED_00395.parquet,0,0,1,0,0
5/SIMULATED_00396.parquet,0,0,0,1,0
5/SIMULATED_00397.parquet,0,1,0,0,0
5/SIMULATED_00398.parquet,0,0,1,0,0
5/SIMULATED_00399.parquet,1,0,0,0,0
5/SIMULATED_00400.parquet,1,0,0,0,0
5/SIMULATED_00401.parquet,0,1,0,0,0
5/SIMULATED_00402.parquet,0,0,0,0,1
5/SIMULATED_00403.parquet,0,1,0,0,0
5/SIMULATED_00404.parquet,0,0,1,0,0
5/SIMULATED_00405.parquet,0,0,1,0,0
5/SIMULATED_00406.parquet,1,0,0,0,0
5/SIMULATED_00407.parquet,0,0,1,0,0
5/SIMULATED_00408.parquet,0,1,0,0,0
5/SIMULATED_00409.parquet,0,0,0,1,0
5/SIMULATED_00410.parquet,0,0,0,1,0
5/SIMULATED_00411.parquet,0,0,0,0,1
5/SIMULATED_00412.parquet,1,0,0,0,0
5/SIMULATED_00413.parquet,0,0,0,0,1
5/SIMULATED_00414.parquet,0,0,1,0,0
5/SIMULATED_00415.parquet,1,0,0,0,0
5/SIMULATED_00416.parquet,0,1,0,0,0
5/SIMULATED_00417.parquet,0,0,1,0,0
5/SIMULATED_00418.parquet,0,0,1,0,0
5/SIMULATED_00419.parquet,0,0,1,0,0
5/SIMULATED_00420.parquet,0,0,0,1,0
5/SIMULATED_00421.parquet,0,0,0,1,0
5/SIMULATED_00422.parquet,0,0,1,0,0
5/SIMULATED_00423.parquet,0,0,0,1,0
5/SIMULATED_00424.parquet,0,0,0,0,1
5/SIMULATED_00425.parquet,0,1,0,0,0
5/SIMULATED_00426.parquet,0,0,1,0,0
5/SIMULATED_00427.parquet,0,1,0,0,0
5/SIMULATED_00428.parquet,0,0,1,0,0
5/SIMULATED_00429.parquet,0,1,0,0,0
5/SIMULATED_00430.parquet,0,1,0,0,0
5/SIMULATED_00431.parquet,0,0,0,0,1
5/SIMULATED_00432.parquet,0,0,0,1,0
5/SIMULATED_00433.parquet,0,0,1,0,0
5/SIMULATED_00434.parquet,1,0,0,0,0
5/SIMULATED_00435.parquet,0,0,1,0,0
5/SIMULATED_00436.parquet,0,0,0,0,1
5/SIMULATED_00437.parquet,0,0,0,0,1
5/SIMULATED_00438.parquet,0,0,0,0,1
5/SIMULATED_00439.parquet,0,0,0,1,0
5/WELL-00015_20170620122925.parquet,1,0,0,0,0
5/WELL-00016_20180405005319.parquet,0,0,0,0,1
5/WELL-00016_20180426131710.parquet,0,0,0,1,0
5/WELL-00016_20180426135108.parquet,0,0,0,1,0
5/WELL-00016_20180517212322.parquet,1,0,0,0,0
5/WELL-00020_20140314144539.parquet,1,0,0,0,0
5/WELL-00020_20140317130658.parquet,0,0,0,0,1
5/WELL-00020_20140318005900.parquet,0,1,0,0,0
5/WELL-00020_20140318135038.parquet,0,1,0,0,0
5/WELL-00020_20140319021600.parquet,0,0,1,0,0
5/WELL-00020_20140319110000.parquet,0,0,1,0,0
6/SIMULATED_00001.parquet,0,1,0,0,0
6/SIMULATED_00002.parquet,1,0,0,0,0
6/SIMULATED_00003.parquet,0,0,0,1,0
6/SIMULATED_00004.parquet,0,1,0,0,0
6/SIMULATED_00005.parquet,1,0,0,0,0
6/SIMULATED_00006.parquet,0,1,0,0,0
6/SIMULATED_00007.parquet,0,1,0,0,0
6/SIMULATED_00008.parquet,0,1,0,0,0
6/SIMULATED_00009.parquet,1,0,0,0,0
6/SIMULATED_00010.parquet,0,0,0,1,0
6/SIMULATED_00011.parquet,0,0,0,0,1
6/SIMULATED_00012.parquet,0,0,0,0,1
6/SIMULATED_00013.parquet,0,0,0,1,0
6/SIMULATED_00014.parquet,0,1,0,0,0
6/SIMULATED_00015.parquet,0,0,1,0,0
6/SIMULATED_00016.parquet,1,0,0,0,0
6/SIMULATED_00017.parquet,1,0,0,0,0
6/SIMULATED_00018.parquet,1,0,0,0,0
6/SIMULATED_00019.parquet,0,1,0,0,0
6/SIMULATED_00020.parquet,1,0,0,0,0
6/SIMULATED_00021.parquet,0,1,0,0,0
6/SIMULATED_00022.parquet,0,0,0,1,0
6/SIMULATED_00023.parquet,0,1,0,0,0
6/SIMULATED_00024.parquet,0,1,0,0,0
6/SIMULATED_00025.parquet,0,0,0,1,0
6/SIMULATED_00026.parquet,0,1,0,0,0
6/SIMULATED_00027.parquet,1,0,0,0,0
6/SIMULATED_00028.parquet,0,0,0,1,0
6/SIMULATED_00029.parquet,1,0,0,0,0
6/SIMULATED_00030.parquet,0,0,1,0,0
6/SIMULATED_00031.parquet,0,0,0,1,0
6/SIMULATED_00032.parquet,0,0,0,0,1
6/SIMULATED_00033.parquet,0,0,1,0,0
6/SIMULATED_00034.parquet,0,0,0,0,1
6/SIMULATED_00035.parquet,0,0,1,0,0
6/SIMULATED_00036.parquet,0,0,1,0,0
6/SIMULATED_00037.parquet,0,0,1,0,0
6/SIMULATED_00038.parquet,0,1,0,0,0
6/SIMULATED_00039.parquet,0,1,0,0,0
6/SIMULATED_00040.parquet,0,0,1,0,0
6/SIMULATED_00041.parquet,0,1,0,0,0
6/SIMULATED_00042.parquet,0,0,0,0,1
6/SIMULATED_00043.parquet,0,0,0,0,1
6/SIMULATED_00044.parquet,0,1,0,0,0
6/SIMULATED_00045.parquet,0,1,0,0,0
6/SIMULATED_00046.parquet,0,1,0,0,0
6/SIMULATED_00047.parquet,0,1,0,0,0
6/SIMULATED_00048.parquet,0,1,0,0,0
6/SIMULATED_00049.parquet,0,1,0,0,0
6/SIMULATED_00050.parquet,0,0,0,0,1
6/SIMULATED_00051.parquet,0,0,0,1,0
6/SIMULATED_00052.parquet,0,0,1,0,0
6/SIMULATED_00053.parquet,1,0,0,0,0
6/SIMULATED_00054.parquet,0,0,1,0,0
6/SIMULATED_00055.parquet,1,0,0,0,0
6/SIMULATED_00056.parquet,0,0,0,1,0
6/SIMULATED_00057.parquet,0,0,0,1,0
6/SIMULATED_00058.parquet,0,0,0,1,0
6/SIMULATED_00059.parquet,0,0,0,0,1
6/SIMULATED_00060.parquet,1,0,0,0,0
6/SIMULATED_00061.parquet,0,0,0,0,1
6/SIMULATED_00062.parquet,0,0,1,0,0
6/SIMULATED_00063.parquet,1,0,0,0,0
6/SIMULATED_00064.parquet,0,1,0,0,0
6/SIMULATED_00065.parquet,0,0,1,0,0
6/SIMULATED_00066.parquet,0,0,0,0,1
6/SIMULATED_00067.parquet,0,0,1,0,0
6/SIMULATED_00068.parquet,0,1,0,0,0
6/SIMULATED_00069.parquet,0,0,0,1,0
6/SIMULATED_00070.parquet,0,1,0,0,0
6/SIMULATED_00071.parquet,0,0,0,1,0
6/SIMULATED_00072.parquet,0,0,1,0,0
6/SIMULATED_00073.parquet,1,0,0,0,0
6/SIMULATED_00074.parquet,0,0,0,1,0
6/SIMULATED_00075.parquet,0,0,1,0,0
6/SIMULATED_00076.parquet,0,0,0,1,0
6/SIMULATED_00077.parquet,0,0,0,0,1
6/SIMULATED_00078.parquet,0,0,0,0,1
6/SIMULATED_00079.parquet,0,0,1,0,0
6/SIMULATED_00080.parquet,1,0,0,0,0
6/SIMULATED_00081.parquet,1,0,0,0,0
6/SIMULATED_00082.parquet,0,0,0,1,0
6/SIMULATED_00083.parquet,0,0,0,0,1
6/SIMULATED_00084.parquet,0,0,1,0,0
6/SIMULATED_00085.parquet,0,0,0,1,0
6/SIMULATED_00086.parquet,0,0,0,1,0
6/SIMULATED_00087.parquet,0,0,0,0,1
6/SIMULATED_00088.parquet,0,0,1,0,0
6/SIMULATED_00089.parquet,0,1,0,0,0
6/SIMULATED_00090.parquet,1,0,0,0,0
6/SIMULATED_00091.parquet,0,0,0,1,0
6/SIMULATED_00092.parquet,0,0,0,0,1
6/SIMULATED_00093.parquet,0,0,1,0,0
6/SIMULATED_00094.parquet,0,1,0,0,0
6/SIMULATED_00095.parquet,0,1,0,0,0
6/SIMULATED_00096.parquet,1,0,0,0,0
6/SIMULATED_00097.parquet,0,0,0,0,1
6/SIMULATED_00098.parquet,1,0,0,0,0
6/SIMULATED_00099.parquet,0,0,1,0,0
6/SIMULATED_00100.parquet,0,0,0,0,1
6/SIMULATED_00101.parquet,1,0,0,0,0
6/SIMULATED_00102.parquet,0,0,0,0,1
6/SIMULATED_00103.parquet,0,0,0,1,0
6/SIMULATED_00104.parquet,0,0,1,0,0
6/SIMULATED_00105.parquet,1,0,0,0,0
6/SIMULATED_00106.parquet,0,0,0,1,0
6/SIMULATED_00107.parquet,0,1,0,0,0
6/SIMULATED_00108.parquet,0,0,0,0,1
6/SIMULATED_00109.parquet,0,0,1,0,0
6/SIMULATED_00110.parquet,0,0,0,1,0
6/SIMULATED_00111.parquet,1,0,0,0,0
6/SIMULATED_00112.parquet,0,1,0,0,0
6/SIMULATED_00113.parquet,0,0,0,1,0
6/SIMULATED_00114.parquet,0,0,1,0,0
6/SIMULATED_00115.parquet,0,1,0,0,0
6/SIMULATED_00116.parquet,1,0,0,0,0
6/SIMULATED_00117.parquet,0,1,0,0,0
6/SIMULATED_00118.parquet,1,0,0,0,0
6/SIMULATED_00119.parquet,0,0,1,0,0
6/SIMULATED_00120.parquet,0,0,0,0,1
6/SIMULATED_00121.parquet,0,0,1,0,0
6/SIMULATED_00122.parquet,0,0,1,0,0
6/SIMULATED_00123.parquet,0,1,0,0,0
6/SIMULATED_00124.parquet,0,0,0,0,1
6/SIMULATED_00125.parquet,0,0,0,1,0
6/SIMULATED_00126.parquet,0,0,1,0,0
6/SIMULATED_00127.parquet,1,0,0,0,0
6/SIMULATED_00128.parquet,0,0,0,0,1
6/SIMULATED_00129.parquet,0,0,0,1,0
6/SIMULATED_00130.parquet,0,0,1,0,0
6/SIMULATED_00131.parquet,0,0,0,0,1
6/SIMULATED_00132.parquet,1,0,0,0,0
6/SIMULATED_00133.parquet,0,1,0,0,0
6/SIMULATED_00134.parquet,0,0,0,0,1
6/SIMULATED_00135.parquet,0,0,0,0,1
6/SIMULATED_00136.parquet,0,0,1,0,0
6/SIMULATED_00137.parquet,1,0,0,0,0
6/SIMULATED_00138.parquet,0,0,0,1,0
6/SIMULATED_00139.parquet,0,0,0,0,1
6/SIMULATED_00140.parquet,1,0,0,0,0
6/SIMULATED_00141.parquet,0,1,0,0,0
6/SIMULATED_00142.parquet,0,0,0,0,1
6/SIMULATED_00143.parquet,0,0,0,0,1
6/SIMULATED_00144.parquet,0,0,1,0,0
6/SIMULATED_00145.parquet,0,0,0,0,1
6/SIMULATED_00146.parquet,1,0,0,0,0
6/SIMULATED_00147.parquet,0,0,0,1,0
6/SIMULATED_00148.parquet,0,0,0,1,0
6/SIMULATED_00149.parquet,0,0,1,0,0
6/SIMULATED_00150.parquet,0,1,0,0,0
6/SIMULATED_00151.parquet,0,0,0,0,1
6/SIMULATED_00152.parquet,1,0,0,0,0
6/SIMULATED_00153.parquet,0,0,0,1,0
6/SIMULATED_00154.parquet,1,0,0,0,0
6/SIMULATED_00155.parquet,0,0,0,1,0
6/SIMULATED_00156.parquet,0,1,0,0,0
6/SIMULATED_00157.parquet,0,0,0,0,1
6/SIMULATED_00158.parquet,0,0,0,1,0
6/SIMULATED_00159.parquet,0,0,0,0,1
6/SIMULATED_00160.parquet,0,0,1,0,0
6/SIMULATED_00161.parquet,0,0,0,1,0
6/SIMULATED_00162.parquet,0,0,0,0,1
6/SIMULATED_00163.parquet,0,0,0,0,1
6/SIMULATED_00164.parquet,0,0,0,1,0
6/SIMULATED_00165.parquet,0,0,0,1,0
6/SIMULATED_00166.parquet,1,0,0,0,0
6/SIMULATED_00167.parquet,0,0,0,1,0
6/SIMULATED_00168.parquet,0,0,0,0,1
6/SIMULATED_00169.parquet,1,0,0,0,0
6/SIMULATED_00170.parquet,0,0,1,0,0
6/SIMULATED_00171.parquet,1,0,0,0,0
6/SIMULATED_00172.parquet,0,0,0,0,1
6/SIMULATED_00173.parquet,0,0,0,1,0
6/SIMULATED_00174.parquet,0,0,0,1,0
6/SIMULATED_00175.parquet,0,0,1,0,0
6/SIMULATED_00176.parquet,0,0,0,1,0
6/SIMULATED_00177.parquet,0,0,0,0,1
6/SIMULATED_00178.parquet,0,0,0,0,1
6/SIMULATED_00179.parquet,0,1,0,0,0
6/SIMULATED_00180.parquet,0,0,1,0,0
6/SIMULATED_00181.parquet,0,0,1,0,0
6/SIMULATED_00182.parquet,0,0,0,1,0
6/SIMULATED_00183.parquet,0,0,1,0,0
6/SIMULATED_00184.parquet,1,0,0,0,0
6/SIMULATED_00185.parquet,0,0,0,0,1
6/SIMULATED_00186.parquet,1,0,0,0,0
6/SIMULATED_00187.parquet,0,1,0,0,0
6/SIMULATED_00188.parquet,0,0,0,0,1
6/SIMULATED_00189.parquet,0,0,0,1,0
6/SIMULATED_00190.parquet,0,0,1,0,0
6/SIMULATED_00191.parquet,0,0,1,0,0
6/SIMULATED_00192.parquet,0,0,1,0,0
6/SIMULATED_00193.parquet,1,0,0,0,0
6/SIMULATED_00194.parquet,0,0,0,0,1
6/SIMULATED_00195.parquet,1,0,0,0,0
6/SIMULATED_00196.parquet,0,0,1,0,0
6/SIMULATED_00197.parquet,0,0,1,0,0
6/SIMULATED_00198.parquet,0,1,0,0,0
6/SIMULATED_00199.parquet,0,1,0,0,0
6/SIMULATED_00200.parquet,0,1,0,0,0
6/SIMULATED_00201.parquet,0,0,0,1,0
6/SIMULATED_00202.parquet,0,0,0,0,1
6/SIMULATED_00203.parquet,0,1,0,0,0
6/SIMULATED_00204.parquet,0,0,1,0,0
6/SIMULATED_00205.parquet,1,0,0,0,0
6/SIMULATED_00206.parquet,1,0,0,0,0
6/SIMULATED_00207.parquet,1,0,0,0,0
6/SIMULATED_00208.parquet,0,0,1,0,0
6/SIMULATED_00209.parquet,1,0,0,0,0
6/SIMULATED_00210.parquet,0,0,0,1,0
6/SIMULATED_00211.parquet,1,0,0,0,0
6/SIMULATED_00212.parquet,0,1,0,0,0
6/SIMULATED_00213.parquet,0,0,0,0,1
6/SIMULATED_00214.parquet,0,0,0,1,0
6/SIMULATED_00215.parquet,0,1,0,0,0
6/WELL-00002_20140212160333.parquet,0,1,0,0,0
6/WELL-00002_20140301141700.parquet,1,0,0,0,0
6/WELL-00002_20140325160304.parquet,0,0,1,0,0
6/WELL-00004_20171031171509.parquet,0,0,0,0,1
6/WELL-00004_20171031181500.parquet,0,0,0,0,1
6/WELL-00004_20171031184839.parquet,0,0,0,0,1
7/DRAWN_00001.parquet,0,1,0,0,0
7/DRAWN_00002.parquet,0,0,1,0,0
7/DRAWN_00003.parquet,0,0,0,1,0
7/DRAWN_00004.parquet,0,0,0,0,1
7/DRAWN_00005.parquet,0,0,0,1,0
7/DRAWN_00006.parquet,0,0,0,0,1
7/DRAWN_00007.parquet,1,0,0,0,0
7/DRAWN_00008.parquet,0,0,1,0,0
7/DRAWN_00009.parquet,1,0,0,0,0
7/DRAWN_00010.parquet,0,1,0,0,0
7/WELL-00001_20170226130146.parquet,0,1,0,0,0
7/WELL-00006_20180618103000.parquet,0,0,1,0,0
7/WELL-00006_20180620152903.parquet,0,0,0,0,1
7/WELL-00021_20180611011218.parquet,0,0,0,1,0
7/WELL-00021_20190403013307.parquet,0,0,1,0,0
7/WELL-00022_20180802233838.parquet,0,0,0,1,0
7/WELL-00022_20180912025800.parquet,0,0,1,0,0
7/WELL-00022_20180919003240.parquet,0,0,0,0,1
7/WELL-00022_20180925003447.parquet,1,0,0,0,0
7/WELL-00022_20181007080700.parquet,0,1,0,0,0
7/WELL-00022_20181020133850.parquet,0,1,0,0,0
7/WELL-00022_20181026005827.parquet,0,0,0,0,1
7/WELL-00022_20181101193049.parquet,0,0,0,1,0
7/WELL-00023_20180826212652.parquet,0,0,0,0,1
7/WELL-00023_20181014121654.parquet,0,0,1,0,0
7/WELL-00023_20181019115124.parquet,1,0,0,0,0
7/WELL-00023_20181030045054.parquet,0,0,1,0,0
7/WELL-00024_20160704180000.parquet,0,1,0,0,0
7/WELL-00024_20160708024918.parquet,1,0,0,0,0
7/WELL-00024_20160712123044.parquet,0,0,0,1,0
7/WELL-00024_20160720230624.parquet,0,1,0,0,0
7/WELL-00024_20160722105543.parquet,0,1,0,0,0
7/WELL-00024_20160729172014.parquet,0,0,1,0,0
7/WELL-00024_20160802001614.parquet,1,0,0,0,0
7/WELL-00024_20160810123500.parquet,0,0,1,0,0
7/WELL-00024_20160825100303.parquet,0,0,0,0,1
7/WELL-00024_20160828150330.parquet,1,0,0,0,0
7/WELL-00024_20160830190958.parquet,0,1,0,0,0
7/WELL-00024_20160906211412.parquet,1,0,0,0,0
7/WELL-00024_20160909220000.parquet,1,0,0,0,0
7/WELL-00024_20160911063934.parquet,0,0,0,0,1
7/WELL-00024_20160920153331.parquet,0,0,0,1,0
7/WELL-00024_20160923141645.parquet,0,0,0,1,0
7/WELL-00024_20160926072123.parquet,0,1,0,0,0
7/WELL-00024_20161001112049.parquet,0,0,0,1,0
7/WELL-00024_20161026065657.parquet,0,0,0,0,1
8/SIMULATED_00001.parquet,0,0,0,0,1
8/SIMULATED_00002.parquet,0,0,0,0,1
8/SIMULATED_00003.parquet,0,0,0,1,0
8/SIMULATED_00004.parquet,0,0,0,0,1
8/SIMULATED_00005.parquet,0,0,0,1,0
8/SIMULATED_00006.parquet,0,1,0,0,0
8/SIMULATED_00007.parquet,0,0,0,1,0
8/SIMULATED_00008.parquet,1,0,0,0,0
8/SIMULATED_00009.parquet,0,1,0,0,0
8/SIMULATED_00010.parquet,0,0,0,0,1
8/SIMULATED_00011.parquet,0,0,1,0,0
8/SIMULATED_00012.parquet,0,1,0,0,0
8/SIMULATED_00013.parquet,1,0,0,0,0
8/SIMULATED_00014.parquet,1,0,0,0,0
8/SIMULATED_00015.parquet,0,1,0,0,0
8/SIMULATED_00016.parquet,0,0,0,1,0
8/SIMULATED_00017.parquet,1,0,0,0,0
8/SIMULATED_00018.parquet,0,0,0,1,0
8/SIMULATED_00019.parquet,0,0,1,0,0
8/SIMULATED_00020.parquet,0,0,1,0,0
8/SIMULATED_00021.parquet,0,0,0,1,0
8/SIMULATED_00022.parquet,0,0,1,0,0
8/SIMULATED_00023.parquet,0,0,1,0,0
8/SIMULATED_00024.parquet,0,0,0,0,1
8/SIMULATED_00025.parquet,1,0,0,0,0
8/SIMULATED_00026.parquet,0,1,0,0,0
8/SIMULATED_00027.parquet,0,0,0,1,0
8/SIMULATED_00028.parquet,0,0,1,0,0
8/SIMULATED_00029.parquet,1,0,0,0,0
8/SIMULATED_00030.parquet,0,0,0,1,0
8/SIMULATED_00031.parquet,1,0,0,0,0
8/SIMULATED_00032.parquet,1,0,0,0,0
8/SIMULATED_00033.parquet,0,1,0,0,0
8/SIMULATED_00034.parquet,0,0,0,0,1
8/SIMULATED_00035.parquet,1,0,0,0,0
8/SIMULATED_00036.parquet,1,0,0,0,0
8/SIMULATED_00037.parquet,0,0,0,1,0
8/SIMULATED_00038.parquet,0,0,1,0,0
8/SIMULATED_00039.parquet,0,0,1,0,0
8/SIMULATED_00040.parquet,0,0,1,0,0
8/SIMULATED_00041.parquet,0,1,0,0,0
8/SIMULATED_00042.parquet,0,0,1,0,0
8/SIMULATED_00043.parquet,0,0,0,0,1
8/SIMULATED_00044.parquet,0,1,0,0,0
8/SIMULATED_00045.parquet,0,0,0,1,0
8/SIMULATED_00046.parquet,0,0,0,0,1
8/SIMULATED_00047.parquet,1,0,0,0,0
8/SIMULATED_00048.parquet,0,1,0,0,0
8/SIMULATED_00049.parquet,0,0,0,1,0
8/SIMULATED_00050.parquet,0,0,0,1,0
8/SIMULATED_00051.parquet,1,0,0,0,0
8/SIMULATED_00052.parquet,0,0,0,1,0
8/SIMULATED_00053.parquet,0,0,1,0,0
8/SIMULATED_00054.parquet,0,0,0,0,1
8/SIMULATED_00055.parquet,0,1,0,0,0
8/SIMULATED_00056.parquet,0,0,1,0,0
8/SIMULATED_00057.parquet,0,0,0,0,1
8/SIMULATED_00058.parquet,0,1,0,0,0
8/SIMULATED_00059.parquet,1,0,0,0,0
8/SIMULATED_00060.parquet,0,0,0,1,0
8/SIMULATED_00061.parquet,0,0,0,0,1
8/SIMULATED_00062.parquet,1,0,0,0,0
8/SIMULATED_00063.parquet,1,0,0,0,0
8/SIMULATED_00064.parquet,0,1,0,0,0
8/SIMULATED_00065.parquet,0,0,1,0,0
8/SIMULATED_00066.parquet,0,0,1,0,0
8/SIMULATED_00067.parquet,0,0,0,0,1
8/SIMULATED_00068.parquet,0,0,0,0,1
8/SIMULATED_00069.parquet,0,0,0,0,1
8/SIMULATED_00070.parquet,1,0,0,0,0
8/SIMULATED_00071.parquet,0,1,0,0,0
8/SIMULATED_00072.parquet,0,1,0,0,0
8/SIMULATED_00073.parquet,0,0,0,1,0
8/SIMULATED_00074.parquet,0,0,0,0,1
8/SIMULATED_00075.parquet,0,0,0,1,0
8/SIMULATED_00076.parquet,0,0,1,0,0
8/SIMULATED_00077.parquet,0,0,1,0,0
8/SIMULATED_00078.parquet,0,0,0,1,0
8/SIMULATED_00079.parquet,0,1,0,0,0
8/SIMULATED_00080.parquet,0,1,0,0,0
8/SIMULATED_00081.parquet,0,0,0,0,1
8/WELL-00019_20120601165020.parquet,0,0,0,0,1
8/WELL-00019_20141117190526.parquet,0,0,0,0,1
8/WELL-00019_20150614025713.parquet,0,0,0,1,0
8/WELL-00019_20210617032654.parquet,1,0,0,0,0
8/WELL-00025_20200629194141.parquet,0,0,0,1,0
8/WELL-00026_20160601130000.parquet,0,1,0,0,0
8/WELL-00026_20170207230000.parquet,0,0,0,0,1
8/WELL-00026_20170608230000.parquet,0,1,0,0,0
8/WELL-00027_20230918170106.parquet,0,0,0,1,0
8/WELL-00028_20210617053128.parquet,0,0,1,0,0
8/WELL-00029_20201020231724.parquet,0,1,0,0,0
8/WELL-00030_20141108012623.parquet,1,0,0,0,0
8/WELL-00031_20140403170404.parquet,0,0,1,0,0
8/WELL-00032_20110830235321.parquet,1,0,0,0,0
9/SIMULATED_00001.parquet,0,1,0,0,0
9/SIMULATED_00002.parquet,0,0,0,0,1
9/SIMULATED_00003.parquet,0,0,0,1,0
9/SIMULATED_00004.parquet,0,0,0,0,1
9/SIMULATED_00005.parquet,0,1,0,0,0
9/SIMULATED_00006.parquet,0,1,0,0,0
9/SIMULATED_00007.parquet,0,1,0,0,0
9/SIMULATED_00008.parquet,0,1,0,0,0
9/SIMULATED_00009.parquet,0,0,0,1,0
9/SIMULATED_00010.parquet,0,0,0,0,1
9/SIMULATED_00011.parquet,0,1,0,0,0
9/SIMULATED_00012.parquet,0,0,0,0,1
9/SIMULATED_00013.parquet,0,0,1,0,0
9/SIMULATED_00014.parquet,0,0,1,0,0
9/SIMULATED_00015.parquet,1,0,0,0,0
9/SIMULATED_00016.parquet,0,0,0,1,0
9/SIMULATED_00017.parquet,0,0,1,0,0
9/SIMULATED_00018.parquet,0,0,1,0,0
9/SIMULATED_00019.parquet,1,0,0,0,0
9/SIMULATED_00020.parquet,0,0,0,1,0
9/SIMULATED_00021.parquet,0,0,1,0,0
9/SIMULATED_00022.parquet,0,0,1,0,0
9/SIMULATED_00023.parquet,0,0,0,0,1
9/SIMULATED_00024.parquet,1,0,0,0,0
9/SIMULATED_00025.parquet,0,0,0,1,0
9/SIMULATED_00026.parquet,0,0,0,0,1
9/SIMULATED_00027.parquet,0,0,1,0,0
9/SIMULATED_00028.parquet,0,0,0,1,0
9/SIMULATED_00029.parquet,0,1,0,0,0
9/SIMULATED_00030.parquet,0,0,1,0,0
9/SIMULATED_00031.parquet,0,0,0,1,0
9/SIMULATED_00032.parquet,0,0,1,0,0
9/SIMULATED_00033.parquet,0,0,1,0,0
9/SIMULATED_00034.parquet,0,0,0,0,1
9/SIMULATED_00035.parquet,0,0,0,1,0
9/SIMULATED_00036.parquet,0,1,0,0,0
9/SIMULATED_00037.parquet,0,1,0,0,0
9/SIMULATED_00038.parquet,1,0,0,0,0
9/SIMULATED_00039.parquet,1,0,0,0,0
9/SIMULATED_00040.parquet,1,0,0,0,0
9/SIMULATED_00041.parquet,1,0,0,0,0
9/SIMULATED_00042.parquet,0,0,0,1,0
9/SIMULATED_00043.parquet,1,0,0,0,0
9/SIMULATED_00044.parquet,0,1,0,0,0
9/SIMULATED_00045.parquet,0,0,1,0,0
9/SIMULATED_00046.parquet,0,0,1,0,0
9/SIMULATED_00047.parquet,0,0,0,1,0
9/SIMULATED_00048.parquet,0,0,0,1,0
9/SIMULATED_00049.parquet,1,0,0,0,0
9/SIMULATED_00050.parquet,0,0,0,0,1
9/SIMULATED_00051.parquet,0,1,0,0,0
9/SIMULATED_00052.parquet,0,1,0,0,0
9/SIMULATED_00053.parquet,0,0,0,0,1
9/SIMULATED_00054.parquet,0,0,0,1,0
9/SIMULATED_00055.parquet,0,1,0,0,0
9/SIMULATED_00056.parquet,0,0,1,0,0
9/SIMULATED_00057.parquet,0,0,0,1,0
9/SIMULATED_00058.parquet,0,0,0,1,0
9/SIMULATED_00059.parquet,0,0,0,1,0
9/SIMULATED_00060.parquet,0,0,1,0,0
9/SIMULATED_00061.parquet,0,0,0,1,0
9/SIMULATED_00062.parquet,0,0,0,0,1
9/SIMULATED_00063.parquet,0,0,1,0,0
9/SIMULATED_00064.parquet,0,1,0,0,0
9/SIMULATED_00065.parquet,0,0,0,1,0
9/SIMULATED_00066.parquet,0,0,0,1,0
9/SIMULATED_00067.parquet,0,0,0,1,0
9/SIMULATED_00068.parquet,0,0,0,0,1
9/SIMULATED_00069.parquet,0,0,1,0,0
9/SIMULATED_00070.parquet,1,0,0,0,0
9/SIMULATED_00071.parquet,0,0,0,0,1
9/SIMULATED_00072.parquet,0,0,1,0,0
9/SIMULATED_00073.parquet,0,0,0,1,0
9/SIMULATED_00074.parquet,1,0,0,0,0
9/SIMULATED_00075.parquet,0,1,0,0,0
9/SIMULATED_00076.parquet,0,0,0,0,1
9/SIMULATED_00077.parquet,1,0,0,0,0
9/SIMULATED_00078.parquet,1,0,0,0,0
9/SIMULATED_00079.parquet,1,0,0,0,0
9/SIMULATED_00080.parquet,0,0,0,0,1
9/SIMULATED_00081.parquet,0,1,0,0,0
9/SIMULATED_00082.parquet,0,0,0,0,1
9/SIMULATED_00083.parquet,1,0,0,0,0
9/SIMULATED_00084.parquet,0,1,0,0,0
9/SIMULATED_00085.parquet,0,0,0,0,1
9/SIMULATED_00086.parquet,0,0,0,0,1
9/SIMULATED_00087.parquet,0,0,0,1,0
9/SIMULATED_00088.parquet,0,1,0,0,0
9/SIMULATED_00089.parquet,1,0,0,0,0
9/SIMULATED_00090.parquet,0,1,0,0,0
9/SIMULATED_00091.parquet,0,0,0,1,0
9/SIMULATED_00092.parquet,0,0,0,0,1
9/SIMULATED_00093.parquet,1,0,0,0,0
9/SIMULATED_00094.parquet,0,0,1,0,0
9/SIMULATED_00095.parquet,0,1,0,0,0
9/SIMULATED_00096.parquet,1,0,0,0,0
9/SIMULATED_00097.parquet,0,0,0,0,1
9/SIMULATED_00098.parquet,0,0,1,0,0
9/SIMULATED_00099.parquet,0,0,0,1,0
9/SIMULATED_00100.parquet,0,1,0,0,0
9/SIMULATED_00101.parquet,0,1,0,0,0
9/SIMULATED_00102.parquet,0,0,1,0,0
9/SIMULATED_00103.parquet,1,0,0,0,0
9/SIMULATED_00104.parquet,1,0,0,0,0
9/SIMULATED_00105.parquet,0,0,1,0,0
9/SIMULATED_00106.parquet,0,0,1,0,0
9/SIMULATED_00107.parquet,0,0,0,0,1
9/SIMULATED_00108.parquet,0,0,0,0,1
9/SIMULATED_00109.parquet,1,0,0,0,0
9/SIMULATED_00110.parquet,0,0,0,0,1
9/SIMULATED_00111.parquet,0,0,1,0,0
9/SIMULATED_00112.parquet,0,0,0,0,1
9/SIMULATED_00113.parquet,0,0,1,0,0
9/SIMULATED_00114.parquet,0,0,1,0,0
9/SIMULATED_00115.parquet,0,0,0,1,0
9/SIMULATED_00116.parquet,1,0,0,0,0
9/SIMULATED_00117.parquet,0,1,0,0,0
9/SIMULATED_00118.parquet,0,0,0,1,0
9/SIMULATED_00119.parquet,0,1,0,0,0
9/SIMULATED_00120.parquet,0,0,0,1,0
9/SIMULATED_00121.parquet,1,0,0,0,0
9/SIMULATED_00122.parquet,0,1,0,0,0
9/SIMULATED_00123.parquet,0,0,0,1,0
9/SIMULATED_00124.parquet,0,1,0,0,0
9/SIMULATED_00125.parquet,0,1,0,0,0
9/SIMULATED_00126.parquet,0,0,0,0,1
9/SIMULATED_00127.parquet,0,0,1,0,0
9/SIMULATED_00128.parquet,0,0,0,0,1
9/SIMULATED_00129.parquet,0,0,0,1,0
9/SIMULATED_00130.parquet,1,0,0,0,0
9/SIMULATED_00131.parquet,0,0,0,1,0
9/SIMULATED_00132.parquet,0,0,0,0,1
9/SIMULATED_00133.parquet,0,0,0,0,1
9/SIMULATED_00134.parquet,0,0,0,0,1
9/SIMULATED_00135.parquet,0,1,0,0,0
9/SIMULATED_00136.parquet,0,0,1,0,0
9/SIMULATED_00137.parquet,0,1,0,0,0
9/SIMULATED_00138.parquet,0,1,0,0,0
9/SIMULATED_00139.parquet,0,0,0,0,1
9/SIMULATED_00140.parquet,0,0,1,0,0
9/SIMULATED_00141.parquet,1,0,0,0,0
9/SIMULATED_00142.parquet,0,0,0,1,0
9/SIMULATED_00143.parquet,1,0,0,0,0
9/SIMULATED_00144.parquet,0,0,1,0,0
9/SIMULATED_00145.parquet,1,0,0,0,0
9/SIMULATED_00146.parquet,1,0,0,0,0
9/SIMULATED_00147.parquet,1,0,0,0,0
9/SIMULATED_00148.parquet,0,0,1,0,0
9/SIMULATED_00149.parquet,1,0,0,0,0
9/SIMULATED_00150.parquet,0,0,0,0,1
9/WELL-00010_20180517000402.parquet,0,0,1,0,0
9/WELL-00010_20180715083053.parquet,0,0,1,0,0
9/WELL-00010_20180717234051.parquet,0,1,0,0,0
9/WELL-00010_20180720234103.parquet,0,1,0,0,0
9/WELL-00010_20180723134436.parquet,1,0,0,0,0
9/WELL-00014_20160304155906.parquet,1,0,0,0,0
9/WELL-00014_20160306070000.parquet,0,1,0,0,0
9/WELL-00014_20170214190000.parquet,0,0,1,0,0
9/WELL-00015_20190922060029.parquet,0,0,0,0,1
9/WELL-00016_20150418132043.parquet,1,0,0,0,0
9/WELL-00016_20190924191606.parquet,0,0,0,0,1
9/WELL-00016_20190925110952.parquet,0,0,1,0,0
9/WELL-00020_20131004225400.parquet,0,0,1,0,0
9/WELL-00033_20190925190420.parquet,0,0,1,0,0
9/WELL-00033_20190926065206.parquet,0,1,0,0,0
9/WELL-00033_20190928030111.parquet,0,1,0,0,0
9/WELL-00033_20190928210207.parquet,0,1,0,0,0
9/WELL-00033_20190930190000.parquet,1,0,0,0,0
9/WELL-00033_20191004020000.parquet,0,1,0,0,0
9/WELL-00034_20190825004401.parquet,0,0,0,1,0
9/WELL-00034_20190825150318.parquet,0,0,0,1,0
9/WELL-00034_20190826050146.parquet,1,0,0,0,0
9/WELL-00034_20190831210153.parquet,1,0,0,0,0
9/WELL-00034_20190901060904.parquet,0,0,0,1,0
9/WELL-00034_20191003180056.parquet,0,0,1,0,0
9/WELL-00035_20190819093245.parquet,0,0,0,0,1
9/WELL-00035_20190823193122.parquet,1,0,0,0,0
9/WELL-00035_20190824140503.parquet,0,0,0,1,0
9/WELL-00035_20190827090706.parquet,0,0,0,1,0
9/WELL-00035_20190923023106.parquet,0,1,0,0,0
9/WELL-00035_20190925061122.parquet,0,0,1,0,0
9/WELL-00036_20190925100042.parquet,0,0,0,0,1
9/WELL-00036_20190930013035.parquet,0,0,0,0,1
9/WELL-00036_20190930083101.parquet,0,0,0,0,1
9/WELL-00037_20181011071238.parquet,0,0,1,0,0
9/WELL-00037_20181013022427.parquet,0,0,0,0,1
9/WELL-00037_20190924193953.parquet,1,0,0,0,0
9/WELL-00037_20190924213000.parquet,1,0,0,0,0
9/WELL-00038_20190924212924.parquet,0,1,0,0,0
9/WELL-00038_20190925093222.parquet,0,0,0,1,0
9/WELL-00039_20190918150111.parquet,1,0,0,0,0
9/WELL-00039_20190924200204.parquet,0,0,0,0,1
9/WELL-00040_20181013160242.parquet,0,0,0,1,0
9/WELL-00041_20181013160201.parquet,0,0,0,1,0
9/WELL-00041_20190814154301.parquet,0,0,0,1,0
9/WELL-00041_20190817173916.parquet,0,1,0,0,0
9/WELL-00041_20190819163753.parquet,0,0,0,1,0
9/WELL-00041_20190822143519.parquet,0,0,0,1,0
9/WELL-00041_20190906051807.parquet,1,0,0,0,0
9/WELL-00041_20190917161232.parquet,1,0,0,0,0
9/WELL-00041_20190924202109.parquet,0,0,0,0,1
9/WELL-00041_20190925111412.parquet,0,0,1,0,0
9/WELL-00042_20141217142745.parquet,0,0,0,0,1
9/WELL-00042_20141218004109.parquet,0,0,1,0,0
9/WELL-00042_20141218051903.parquet,0,0,1,0,0
9/WELL-00042_20141221190219.parquet,0,1,0,0,0
9/WELL-00042_20141222024535.parquet,0,0,0,0,1
